"code","group","sub_group","parent","type","name","url","provider","available","quantity","performance","hours_day","uom_id","price","day_price"
"33",,,,1,"INSTALACION DE UN (01) TRANSFORMADOR DE 75 KVA EN LA CASETA",,,,,,,,,
"33.1",,,33,2,"SUMINISTRO E INSTALACION DE UN (01) TRANSFORMADOR DE 75 KVA PARA CUARTO DE CONTROL DE MOLINOS.",,,,1,1,8,"PZA",,
"015957",,,"33.1",3,"ANCLAJE DE EXPANSION 5/8"" x 8"" TIPO HILTI",,,8,8,,,"Pza",4,
"001276",,,"33.1",3,"DESENGRASANTE (LTS)",,,2,2,,,"L",525,
"001299",,,"33.1",3,"DISCO DE CORTE D EXT 4 1/2"" ESP 1/8""",,,5,5,,,"Pza","1.1513",
"001312",,,"33.1",3,"DISCO DE DESBASTE DIAMETRO 4 1/2"" EJE 1/4"" ESP 7/8""",,,2,2,,,"Pza","3.4189",
"000155",,,"33.1",3,"ANGULO AC SECCION L  ALTURA 75 MM ESP 6 MM LONG 6 M MAT",,,2,2,,,"Pza","51.92",
"001357",,,"33.1",3,"ELECTRODO E 6013 ARCO ELEC PARA AC DIAM 3/32 X L 350 MM",,,10,10,,,"kg","3.2817",
"001769",,,"33.1",3,"GUANTE DE NITRILLO LARGO (PAR)",,,4,4,,,"Unidades","1.6848",
"001844",,,"33.1",3,"JABON EN POLVO (kg)",,,2,2,,,"kg","11.7074",
"002212",,,"33.1",3,"MASCARILLA KN 95",,,4,4,,,"Pza",219,
"003197",,,"33.1",3,"THINNER ACRILICO",,,4,4,,,"galon","11.9233",
"003229",,,"33.1",3,"TOBO PLASTICO POPULAR",,,2,2,,,"Pza","1.75",
"003546",,,"33.1",3,"TRAPOS DE LIMPIEZA ( SACO)",,,"0.25","0.25",,,"Saco","30.0265",
"000544",,,"33.1",3,"BROCHA 2"" MATERIAL MANGO PLASTICO CERDA NATURAL",,,4,4,,,"Pza","0.8003",
"001336",,,"33.1",4,"ELECTRICISTA DE 1a",,,2,16,,,"Horas","1.54","12.32"
"000767",,,"33.1",4,"CAPATAZ",,,1,8,,,"Horas","1.54","12.32"
"015246",,,"33.1",4,"ELECTRICISTA DE II",,,2,16,,,"Horas","1.5",12
"004570",,,"33.1",5,"EXTENSION ELECTRICA-ESTANDAR",,,2,16,,,"Horas","0.17125","1.37"
"014223",,,"33.1",5,"GRILLETE 1.1/8' 9.1/2 TON G2130",,,4,32,,,"Horas",125,1
"014761",,,"33.1",5,"GUAYA DE 3/4"" X 1.5 MTS",,,4,32,,,"Horas","0.0625","0.5"
"004754",,,"33.1",5,"GUAYA PASA CABLE (ELECTRICISTA)",,,1,8,,,"Horas","0.1","0.8"
"008264",,,"33.1",5,"JUEGO DE DADOS CUD 1/2 PULG 13 PZA",,,1,8,,,"Horas","0.25",2
"004535",,,"33.1",5,"ARNES DE SEGURIDAD CON ESLINGA-CORPORAL",,,2,16,,,"Horas","0.5",4
"008481",,,"33.1",5,"JUEGO DE TARRAJA 1/2' A 1'",,,1,8,,,"Horas","0.25",2
"015788",,,"33.1",5,"JUEGO LLAVES COMBINADA COMBO MM/PULG 20PZA",,,1,8,,,"Horas",125,1
"004747",,,"33.1",5,"KIT DE HERRAMIENTAS ELECTRICIDAD",,,1,8,,,"Horas","0.6875","5.5"
"008041",,,"33.1",5,"LLAVE PARA TUBO 14 PULG",,,2,16,,,"Horas","0.03125","0.25"
"008044",,,"33.1",5,"LLAVE PARA TUBO 36 PULG",,,2,16,,,"Horas","0.0875","0.7"
"004614",,,"33.1",5,"MEGER-UT500",,,1,8,,,"Horas",1875,15
"004632",,,"33.1",5,"PINZA AMPERIMETRICA-UT200",,,2,16,,,"Horas",625,5
"013614",,,"33.1",5,"PRENSA BASE TRIPODE PARA TUBERIA",,,1,8,,,"Horas","0.45875","3.67"
"011943",,,"33.1",5,"PRENSA TERMINAL HIDRAULICO (CRIMPADORA)",,,1,8,,,"Horas",1,8
"008133",,,"33.1",5,"ROSCADORA RIGID MOD 535",,,1,8,,,"Horas",1875,15
"004602",,,"33.1",5,"SOLDADORA ELECTRICA-CD/DC 250",,,"0.5",4,,,"Horas",5125,41
"004674",,,"33.1",5,"TALADRO ROTO MARTILLO-TE-76ATC",,,"0.5",4,,,"Horas","3.90625","31.25"
"004670",,,"33.1",5,"TALADRO-",,,1,8,,,"Horas","0.1975","1.58"
"004679",,,"33.1",5,"TORQUIMETRO -6014C",,,1,8,,,"Horas",375,3
"004680",,,"33.1",5,"TRONZADORA -TRONZADORA 14'",,,1,8,,,"Horas","0.5",4
"013820",,,"33.1",5,"CIZALLA MANUAL 24""",,,1,8,,,"Horas",125,1
"DH-JMT",,,"33.1",5,"DOBLADORA HIDRÁULICA JMT",,,"0.1","0.8",,,"Horas","3.90625","31.25"
"004755",,,"33.1",5,"ESCALERA TIPO TIJERA",,,2,16,,,"Horas","0.5",4
"013851",,,"33.1",5,"ESLINGA DE CARGA 3' X 6M NILON",,,1,8,,,"Horas","0.25",2
"004561",,,"33.1",5,"ESMERIL  4.1/2´´-VARIOS",,,1,8,,,"Horas","0.34375","2.75"
"33.2",,,33,2,"SUMINISTRO E INSTALACION DE QUINCE (15) MTS DE CABLEADO 1/0, CONEXIÓN DE TRANSFORMADOR 75 KVA EN BORNES",,,,15,36,8,"ML",,
"001765",,,"33.2",3,"GUANTE DE HILO CON PVC (PAR)",,,"0.333333333333333","0.333333333333333",,,"Par","0.3781",
"002212",,,"33.2",3,"MASCARILLA KN 95",,,"0.333333333333333","0.333333333333333",,,"Pza",219,
"001336",,,"33.2",4,"ELECTRICISTA DE 1a",,,2,"0.444444444444444",,,"Horas","1.54","12.32"
"000767",,,"33.2",4,"CAPATAZ",,,1,"0.222222222222222",,,"Horas","1.54","12.32"
"015246",,,"33.2",4,"ELECTRICISTA DE II",,,2,"0.444444444444444",,,"Horas","1.5",12
"008266",,,"33.2",5,"JUEGO DE DADOS CUD 1/2 PULG 23 PZA",,,1,"0.222222222222222",,,"Horas","0.25",2
"015788",,,"33.2",5,"JUEGO LLAVES COMBINADA COMBO MM/PULG 20PZA",,,1,"0.222222222222222",,,"Horas",125,1
"004747",,,"33.2",5,"KIT DE HERRAMIENTAS ELECTRICIDAD",,,1,"0.222222222222222",,,"Horas","0.6875","5.5"
"004614",,,"33.2",5,"MEGER-UT500",,,1,"0.222222222222222",,,"Horas",1875,15
"004632",,,"33.2",5,"PINZA AMPERIMETRICA-UT200",,,1,"0.222222222222222",,,"Horas",625,5
"33.3",,,33,2,"SUMINISTRO E INSTALACION DE UN (01) BREAKERS TERMOMAGNETICO 3 POLOS 480/600 V 65 KA ICC CAP 160 A PARA INTERRUPTOR PRINCIPAL 460 VAC DEL TRANSFORMADOR 75 KVA ",,,,1,1,8,"PZA",,
"001765",,,"33.3",3,"GUANTE DE HILO CON PVC (PAR)",,,4,4,,,"Par","0.3781",
"002212",,,"33.3",3,"MASCARILLA KN 95",,,4,4,,,"Pza",219,
"001336",,,"33.3",4,"ELECTRICISTA DE 1a",,,1,8,,,"Horas","1.54","12.32"
"000767",,,"33.3",4,"CAPATAZ",,,1,8,,,"Horas","1.54","12.32"
"015246",,,"33.3",4,"ELECTRICISTA DE II",,,2,16,,,"Horas","1.5",12
"008266",,,"33.3",5,"JUEGO DE DADOS CUD 1/2 PULG 23 PZA",,,1,8,,,"Horas","0.25",2
"015788",,,"33.3",5,"JUEGO LLAVES COMBINADA COMBO MM/PULG 20PZA",,,1,8,,,"Horas",125,1
"004747",,,"33.3",5,"KIT DE HERRAMIENTAS ELECTRICIDAD",,,1,8,,,"Horas","0.6875","5.5"
"004614",,,"33.3",5,"MEGER-UT500",,,1,8,,,"Horas",1875,15
"004632",,,"33.3",5,"PINZA AMPERIMETRICA-UT200",,,1,8,,,"Horas",625,5
"33.4",,,33,2,"REALIZAR PRUEVAS ELECTRICAS EN TRANSFORMADOR DE 75 KVA",,,,1,1,8,"PZA",,
"001765",,,"33.4",3,"GUANTE DE HILO CON PVC (PAR)",,,4,4,,,"Par","0.3781",
"002212",,,"33.4",3,"MASCARILLA KN 95",,,4,4,,,"Pza",219,
"001336",,,"33.4",4,"ELECTRICISTA DE 1a",,,1,8,,,"Horas","1.54","12.32"
"000767",,,"33.4",4,"CAPATAZ",,,1,8,,,"Horas","1.54","12.32"
"015246",,,"33.4",4,"ELECTRICISTA DE II",,,2,16,,,"Horas","1.5",12
"008266",,,"33.4",5,"JUEGO DE DADOS CUD 1/2 PULG 23 PZA",,,1,8,,,"Horas","0.25",2
"015788",,,"33.4",5,"JUEGO LLAVES COMBINADA COMBO MM/PULG 20PZA",,,1,8,,,"Horas",125,1
"004747",,,"33.4",5,"KIT DE HERRAMIENTAS ELECTRICIDAD",,,1,8,,,"Horas","0.6875","5.5"
"004614",,,"33.4",5,"MEGER-UT500",,,1,8,,,"Horas",1875,15
"004632",,,"33.4",5,"PINZA AMPERIMETRICA-UT200",,,1,8,,,"Horas",625,5
"34",,,,1,"INSTALACION DE UN (01) TABLERO TRIFASICO SUPERFICIAL DE 12 CIRCUITOS CON SUS BREAKERS",,,,,,,,,
"34.1",,,34,2,"SUMINISTRO E INSTALACION DE UN (01) TABLERO TRIFASICO SUPERFICIAL DE 12 CIRCUITOS CON SUS BREAKERS",,,,1,"0.4",8,"PZA",,
"001299",,,"34.1",3,"DISCO DE CORTE D EXT 4 1/2"" ESP 1/8""",,,2,2,,,"Pza","1.1513",
"001310",,,"34.1",3,"DISCO DE CORTE PARA TRONZADORA DIAMETRO 14 PLG",,,2,2,,,"Pza","5.6516",
"001312",,,"34.1",3,"DISCO DE DESBASTE DIAMETRO 4 1/2"" EJE 1/4"" ESP 7/8""",,,1,1,,,"Pza","3.4189",
"000155",,,"34.1",3,"ANGULO AC SECCION L  ALTURA 75 MM ESP 6 MM LONG 6 M MAT",,,1,1,,,"Pza","51.92",
"001357",,,"34.1",3,"ELECTRODO E 6013 ARCO ELEC PARA AC DIAM 3/32 X L 350 MM",,,5,5,,,"kg","3.2817",
"001765",,,"34.1",3,"GUANTE DE HILO CON PVC (PAR)",,,5,5,,,"Par","0.3781",
"002212",,,"34.1",3,"MASCARILLA KN 95",,,5,5,,,"Pza",219,
"014719",,,"34.1",3,"MECHA CILINDRICA H.S.S PARA ACERO 5/16""",,,5,5,,,"Pza",10,
"002235",,,"34.1",3,"MECHA CILINDRICA H.S.S PARA ACERO DIAMETRO 1/4""",,,5,5,,,"Pza","6.6293",
"002250",,,"34.1",3,"MECHA CILINDRICA H.S.S PARA ACERO DIAMETRO 9 MM",,,5,5,,,"Pza",10,
"002251",,,"34.1",3,"MECHA CILINDRICA H.S.S PARA ACERO DIAMETRO HSS 1/2""",,,5,5,,,"Pza","6.95",
"014200",,,"34.1",3,"MECHA CILINDRICA HSS A100 DIAMETRO 1/2""",,,5,5,,,"Pza",10,
"014198",,,"34.1",3,"MECHA CILINDRICA HSS A100 DIAMETRO 7/16""",,,5,5,,,"Pza",5,
"013944",,,"34.1",3,"MECHA CILINDRICA HSS-CO DE 1/4""",,,5,5,,,"Pza",12,
"014166",,,"34.1",3,"MECHA CILINDRICA HSS-CO DE 3/8""",,,5,5,,,"Pza",10,
"001336",,,"34.1",4,"ELECTRICISTA DE 1a",,,2,"39.9999994039536",,,"Horas","1.54","12.32"
"000767",,,"34.1",4,"CAPATAZ",,,1,"19.9999997019768",,,"Horas","1.54","12.32"
"015246",,,"34.1",4,"ELECTRICISTA DE II",,,2,"39.9999994039536",,,"Horas","1.5",12
"004570",,,"34.1",5,"EXTENSION ELECTRICA-ESTANDAR",,,1,"19.9999997019768",,,"Horas","0.17125","1.37"
"004754",,,"34.1",5,"GUAYA PASA CABLE (ELECTRICISTA)",,,1,"19.9999997019768",,,"Horas","0.1","0.8"
"004535",,,"34.1",5,"ARNES DE SEGURIDAD CON ESLINGA-CORPORAL",,,2,"39.9999994039536",,,"Horas","0.5",4
"004750",,,"34.1",5,"JUEGO DE DADOS HEXAGONALES PULG CUADRANTE 3/4'",,,1,"19.9999997019768",,,"Horas","0.2675","2.14"
"008481",,,"34.1",5,"JUEGO DE TARRAJA 1/2' A 1'",,,1,"19.9999997019768",,,"Horas","0.25",2
"015788",,,"34.1",5,"JUEGO LLAVES COMBINADA COMBO MM/PULG 20PZA",,,1,"19.9999997019768",,,"Horas",125,1
"004747",,,"34.1",5,"KIT DE HERRAMIENTAS ELECTRICIDAD",,,1,"19.9999997019768",,,"Horas","0.6875","5.5"
"008041",,,"34.1",5,"LLAVE PARA TUBO 14 PULG",,,2,"39.9999994039536",,,"Horas","0.03125","0.25"
"004614",,,"34.1",5,"MEGER-UT500",,,1,"19.9999997019768",,,"Horas",1875,15
"004632",,,"34.1",5,"PINZA AMPERIMETRICA-UT200",,,1,"19.9999997019768",,,"Horas",625,5
"013614",,,"34.1",5,"PRENSA BASE TRIPODE PARA TUBERIA",,,1,"19.9999997019768",,,"Horas","0.45875","3.67"
"004658",,,"34.1",5,"SOLDADORA ELECTRICA-450 DC",,,1,"19.9999997019768",,,"Horas",5125,41
"004670",,,"34.1",5,"TALADRO-",,,1,"19.9999997019768",,,"Horas","0.1975","1.58"
"004680",,,"34.1",5,"TRONZADORA -TRONZADORA 14'",,,1,"19.9999997019768",,,"Horas","0.5",4
"DH-JMT",,,"34.1",5,"DOBLADORA HIDRÁULICA JMT",,,"0.1","1.99999997019768",,,"Horas","3.90625","31.25"
"004755",,,"34.1",5,"ESCALERA TIPO TIJERA",,,2,"39.9999994039536",,,"Horas","0.5",4
"004561",,,"34.1",5,"ESMERIL  4.1/2´´-VARIOS",,,1,"19.9999997019768",,,"Horas","0.34375","2.75"
"34.2",,,34,2,"SUMINISTRO E INSTALACION DE DIEZ (10) MTS DE TUBERIA CONDUIT Ø 1/2"" ALIMENTACION TABLERO DE ALUMBRADO 12 CIRCUITOS EN CUARTO DE CONTROL ",,,,10,20,8,"ML",,
"001765",,,"34.2",3,"GUANTE DE HILO CON PVC (PAR)",,,"0.5","0.5",,,"Par","0.3781",
"002212",,,"34.2",3,"MASCARILLA KN 95",,,"0.5","0.5",,,"Pza",219,
"001336",,,"34.2",4,"ELECTRICISTA DE 1a",,,2,"0.8",,,"Horas","1.54","12.32"
"000767",,,"34.2",4,"CAPATAZ",,,1,"0.4",,,"Horas","1.54","12.32"
"015246",,,"34.2",4,"ELECTRICISTA DE II",,,2,"0.8",,,"Horas","1.5",12
"008265",,,"34.2",5,"JUEGO DE DADOS CUD 3/4 PULG 23 PZA",,,1,"0.4",,,"Horas","0.25",2
"015788",,,"34.2",5,"JUEGO LLAVES COMBINADA COMBO MM/PULG 20PZA",,,1,"0.4",,,"Horas",125,1
"004747",,,"34.2",5,"KIT DE HERRAMIENTAS ELECTRICIDAD",,,1,"0.4",,,"Horas","0.6875","5.5"
"004614",,,"34.2",5,"MEGER-UT500",,,1,"0.4",,,"Horas",1875,15
"004632",,,"34.2",5,"PINZA AMPERIMETRICA-UT200",,,1,"0.4",,,"Horas",625,5
"34.3",,,34,2,"SUMINISTRO E INSTALACIION DE VEINTE (20) MTS DE CABLE THW # 14 AWG - 600 VAC PARA LOS TOMACORRIENTES Y LA DEL CIRCUITO DE ILUMINACION",,,,20,20,8,"ML",,
"001765",,,"34.3",3,"GUANTE DE HILO CON PVC (PAR)",,,"0.25","0.25",,,"Par","0.3781",
"002212",,,"34.3",3,"MASCARILLA KN 95",,,"0.25","0.25",,,"Pza",219,
"001336",,,"34.3",4,"ELECTRICISTA DE 1a",,,2,"0.8",,,"Horas","1.54","12.32"
"000767",,,"34.3",4,"CAPATAZ",,,1,"0.4",,,"Horas","1.54","12.32"
"015246",,,"34.3",4,"ELECTRICISTA DE II",,,2,"0.8",,,"Horas","1.5",12
"008266",,,"34.3",5,"JUEGO DE DADOS CUD 1/2 PULG 23 PZA",,,1,"0.4",,,"Horas","0.25",2
"015788",,,"34.3",5,"JUEGO LLAVES COMBINADA COMBO MM/PULG 20PZA",,,1,"0.4",,,"Horas",125,1
"004747",,,"34.3",5,"KIT DE HERRAMIENTAS ELECTRICIDAD",,,1,"0.4",,,"Horas","0.6875","5.5"
"004614",,,"34.3",5,"MEGER-UT500",,,1,"0.4",,,"Horas",1875,15
"004632",,,"34.3",5,"PINZA AMPERIMETRICA-UT200",,,1,"0.4",,,"Horas",625,5
"34.4",,,34,2,"SUMINISTRO E INSTALACION DE DOS (02) TOMACORRIENTES, CUATRO (4) LAMPARAS HERMETICAS ANTIPOLVO DE TUBOS LED 2 X 32 W DE 60 CM EN CUARTO DE CONTROL ",,,,12,8,8,"PZA",,
"001765",,,"34.4",3,"GUANTE DE HILO CON PVC (PAR)",,,"0.416666666666667","0.416666666666667",,,"Par","0.3781",
"002212",,,"34.4",3,"MASCARILLA KN 95",,,"0.416666666666667","0.416666666666667",,,"Pza",219,
"001336",,,"34.4",4,"ELECTRICISTA DE 1a",,,2,2,,,"Horas","1.54","12.32"
"000767",,,"34.4",4,"CAPATAZ",,,1,1,,,"Horas","1.54","12.32"
"015246",,,"34.4",4,"ELECTRICISTA DE II",,,2,2,,,"Horas","1.5",12
"004570",,,"34.4",5,"EXTENSION ELECTRICA-ESTANDAR",,,1,1,,,"Horas","0.17125","1.37"
"004754",,,"34.4",5,"GUAYA PASA CABLE (ELECTRICISTA)",,,1,1,,,"Horas","0.1","0.8"
"004535",,,"34.4",5,"ARNES DE SEGURIDAD CON ESLINGA-CORPORAL",,,2,2,,,"Horas","0.5",4
"004750",,,"34.4",5,"JUEGO DE DADOS HEXAGONALES PULG CUADRANTE 3/4'",,,1,1,,,"Horas","0.2675","2.14"
"008481",,,"34.4",5,"JUEGO DE TARRAJA 1/2' A 1'",,,1,1,,,"Horas","0.25",2
"015788",,,"34.4",5,"JUEGO LLAVES COMBINADA COMBO MM/PULG 20PZA",,,1,1,,,"Horas",125,1
"004747",,,"34.4",5,"KIT DE HERRAMIENTAS ELECTRICIDAD",,,1,1,,,"Horas","0.6875","5.5"
"008041",,,"34.4",5,"LLAVE PARA TUBO 14 PULG",,,2,2,,,"Horas","0.03125","0.25"
"004614",,,"34.4",5,"MEGER-UT500",,,1,1,,,"Horas",1875,15
"004632",,,"34.4",5,"PINZA AMPERIMETRICA-UT200",,,1,1,,,"Horas",625,5
"013614",,,"34.4",5,"PRENSA BASE TRIPODE PARA TUBERIA",,,1,1,,,"Horas","0.45875","3.67"
"004658",,,"34.4",5,"SOLDADORA ELECTRICA-450 DC",,,1,1,,,"Horas",5125,41
"004670",,,"34.4",5,"TALADRO-",,,1,1,,,"Horas","0.1975","1.58"
"004680",,,"34.4",5,"TRONZADORA -TRONZADORA 14'",,,1,1,,,"Horas","0.5",4
"DH-JMT",,,"34.4",5,"DOBLADORA HIDRÁULICA JMT",,,"0.1","0.1",,,"Horas","3.90625","31.25"
"004755",,,"34.4",5,"ESCALERA TIPO TIJERA",,,2,2,,,"Horas","0.5",4
"004561",,,"34.4",5,"ESMERIL  4.1/2´´-VARIOS",,,1,1,,,"Horas","0.34375","2.75"
"35",,,34,2,"SUMINISTRO E INSTALACIÓN DE TREINTA Y CINCO (35) MTS DE TUBERÍA CONDUIT Ø 1"" DESDE CAJA DE CONEXION MOLINO 1 HASTA PANEL DEL VARIADOR MANDO REMOTO",,,,35,20,8,"ML",,
"001276",,,35,3,"DESENGRASANTE (LTS)",,,"5.71428571428571E-02","5.71428571428571E-02",,,"L",525,
"001769",,,35,3,"GUANTE DE NITRILLO LARGO (PAR)",,,"0.114285714285714","0.114285714285714",,,"Unidades","1.6848",
"001844",,,35,3,"JABON EN POLVO (kg)",,,"5.71428571428571E-02","5.71428571428571E-02",,,"kg","11.7074",
"002212",,,35,3,"MASCARILLA KN 95",,,"0.114285714285714","0.114285714285714",,,"Pza",219,
"003197",,,35,3,"THINNER ACRILICO",,,"5.71428571428571E-02","5.71428571428571E-02",,,"galon","11.9233",
"003546",,,35,3,"TRAPOS DE LIMPIEZA ( SACO)",,,"2.8571428571429E-03","2.8571428571429E-03",,,"Saco","30.0265",
"000544",,,35,3,"BROCHA 2"" MATERIAL MANGO PLASTICO CERDA NATURAL",,,"5.71428571428571E-02","5.71428571428571E-02",,,"Pza","0.8003",
"001336",,,35,4,"ELECTRICISTA DE 1a",,,1,"0.4",,,"Horas","1.54","12.32"
"000767",,,35,4,"CAPATAZ",,,1,"0.4",,,"Horas","1.54","12.32"
"015246",,,35,4,"ELECTRICISTA DE II",,,2,"0.8",,,"Horas","1.5",12
"004570",,,35,5,"EXTENSION ELECTRICA-ESTANDAR",,,2,"0.8",,,"Horas","0.17125","1.37"
"004754",,,35,5,"GUAYA PASA CABLE (ELECTRICISTA)",,,1,"0.4",,,"Horas","0.1","0.8"
"004535",,,35,5,"ARNES DE SEGURIDAD CON ESLINGA-CORPORAL",,,2,"0.8",,,"Horas","0.5",4
"013370",,,35,5,"JUEGO DE DADOS CUD 3/4 MM 19PZA",,,1,"0.4",,,"Horas","0.25",2
"008481",,,35,5,"JUEGO DE TARRAJA 1/2' A 1'",,,1,"0.4",,,"Horas","0.25",2
"015788",,,35,5,"JUEGO LLAVES COMBINADA COMBO MM/PULG 20PZA",,,1,"0.4",,,"Horas",125,1
"004747",,,35,5,"KIT DE HERRAMIENTAS ELECTRICIDAD",,,1,"0.4",,,"Horas","0.6875","5.5"
"008041",,,35,5,"LLAVE PARA TUBO 14 PULG",,,2,"0.8",,,"Horas","0.03125","0.25"
"004614",,,35,5,"MEGER-UT500",,,"0.5","0.2",,,"Horas",1875,15
"004632",,,35,5,"PINZA AMPERIMETRICA-UT200",,,1,"0.4",,,"Horas",625,5
"013614",,,35,5,"PRENSA BASE TRIPODE PARA TUBERIA",,,1,"0.4",,,"Horas","0.45875","3.67"
"004602",,,35,5,"SOLDADORA ELECTRICA-CD/DC 250",,,"0.5","0.2",,,"Horas",5125,41
"004670",,,35,5,"TALADRO-",,,1,"0.4",,,"Horas","0.1975","1.58"
"004680",,,35,5,"TRONZADORA -TRONZADORA 14'",,,1,"0.4",,,"Horas","0.5",4
"DH-JMT",,,35,5,"DOBLADORA HIDRÁULICA JMT",,,"0.1","0.04",,,"Horas","3.90625","31.25"
"004755",,,35,5,"ESCALERA TIPO TIJERA",,,2,"0.8",,,"Horas","0.5",4
"004561",,,35,5,"ESMERIL  4.1/2´´-VARIOS",,,1,"0.4",,,"Horas","0.34375","2.75"
"36",,,34,2,"INSTALACION DE TRESCIENTOS (300) MTS DE CABLE TRENZADO BLINDADO AWG-18. ENTORCHADO Y APANTALLADO (3 CONDUCTORES)",,,,300,90,8,"ML",,
"001276",,,36,3,"DESENGRASANTE (LTS)",,,"0.01","0.01",,,"L",525,
"001769",,,36,3,"GUANTE DE NITRILLO LARGO (PAR)",,,"1.33333333333333E-02","1.33333333333333E-02",,,"Unidades","1.6848",
"001844",,,36,3,"JABON EN POLVO (kg)",,,"6.6666666666667E-03","6.6666666666667E-03",,,"kg","11.7074",
"002212",,,36,3,"MASCARILLA KN 95",,,"0.03","0.03",,,"Pza",219,
"003197",,,36,3,"THINNER ACRILICO",,,"6.6666666666667E-03","6.6666666666667E-03",,,"galon","11.9233",
"003546",,,36,3,"TRAPOS DE LIMPIEZA ( SACO)",,,"0.0005","0.0005",,,"Saco","30.0265",
"000544",,,36,3,"BROCHA 2"" MATERIAL MANGO PLASTICO CERDA NATURAL",,,"6.6666666666667E-03","6.6666666666667E-03",,,"Pza","0.8003",
"001336",,,36,4,"ELECTRICISTA DE 1a",,,1,"8.88888888888889E-02",,,"Horas","1.54","12.32"
"000767",,,36,4,"CAPATAZ",,,1,"8.88888888888889E-02",,,"Horas","1.54","12.32"
"015246",,,36,4,"ELECTRICISTA DE II",,,2,"0.177777777777778",,,"Horas","1.5",12
"004754",,,36,5,"GUAYA PASA CABLE (ELECTRICISTA)",,,1,"8.88888888888889E-02",,,"Horas","0.1","0.8"
"004535",,,36,5,"ARNES DE SEGURIDAD CON ESLINGA-CORPORAL",,,2,"0.177777777777778",,,"Horas","0.5",4
"004747",,,36,5,"KIT DE HERRAMIENTAS ELECTRICIDAD",,,1,"8.88888888888889E-02",,,"Horas","0.6875","5.5"
"004614",,,36,5,"MEGER-UT500",,,1,"8.88888888888889E-02",,,"Horas",1875,15
"004632",,,36,5,"PINZA AMPERIMETRICA-UT200",,,1,"8.88888888888889E-02",,,"Horas",625,5
"004755",,,36,5,"ESCALERA TIPO TIJERA",,,2,"0.177777777777778",,,"Horas","0.5",4
"37",,,34,2,"INSTALACION DE TREINTA Y CINCO (35) MTS DE TUBERIA CONDUIT DE Ø 1"" PARA ACOMETIDA VENTILACION FORZADA DE MOTOR 1200 HP 4160 VAC",,,,35,20,8,"ML",,
"001276",,,37,3,"DESENGRASANTE (LTS)",,,"5.71428571428571E-02","5.71428571428571E-02",,,"L",525,
"001769",,,37,3,"GUANTE DE NITRILLO LARGO (PAR)",,,"0.114285714285714","0.114285714285714",,,"Unidades","1.6848",
"001844",,,37,3,"JABON EN POLVO (kg)",,,"5.71428571428571E-02","5.71428571428571E-02",,,"kg","11.7074",
"002212",,,37,3,"MASCARILLA KN 95",,,"0.114285714285714","0.114285714285714",,,"Pza",219,
"003197",,,37,3,"THINNER ACRILICO",,,"5.71428571428571E-02","5.71428571428571E-02",,,"galon","11.9233",
"003546",,,37,3,"TRAPOS DE LIMPIEZA ( SACO)",,,"2.8571428571429E-03","2.8571428571429E-03",,,"Saco","30.0265",
"000544",,,37,3,"BROCHA 2"" MATERIAL MANGO PLASTICO CERDA NATURAL",,,"5.71428571428571E-02","5.71428571428571E-02",,,"Pza","0.8003",
"001336",,,37,4,"ELECTRICISTA DE 1a",,,1,"0.4",,,"Horas","1.54","12.32"
"000767",,,37,4,"CAPATAZ",,,1,"0.4",,,"Horas","1.54","12.32"
"015246",,,37,4,"ELECTRICISTA DE II",,,2,"0.8",,,"Horas","1.5",12
"004570",,,37,5,"EXTENSION ELECTRICA-ESTANDAR",,,2,"0.8",,,"Horas","0.17125","1.37"
"004754",,,37,5,"GUAYA PASA CABLE (ELECTRICISTA)",,,1,"0.4",,,"Horas","0.1","0.8"
"004535",,,37,5,"ARNES DE SEGURIDAD CON ESLINGA-CORPORAL",,,2,"0.8",,,"Horas","0.5",4
"013370",,,37,5,"JUEGO DE DADOS CUD 3/4 MM 19PZA",,,1,"0.4",,,"Horas","0.25",2
"008481",,,37,5,"JUEGO DE TARRAJA 1/2' A 1'",,,1,"0.4",,,"Horas","0.25",2
"015788",,,37,5,"JUEGO LLAVES COMBINADA COMBO MM/PULG 20PZA",,,1,"0.4",,,"Horas",125,1
"004747",,,37,5,"KIT DE HERRAMIENTAS ELECTRICIDAD",,,1,"0.4",,,"Horas","0.6875","5.5"
"008041",,,37,5,"LLAVE PARA TUBO 14 PULG",,,2,"0.8",,,"Horas","0.03125","0.25"
"004614",,,37,5,"MEGER-UT500",,,"0.5","0.2",,,"Horas",1875,15
"004632",,,37,5,"PINZA AMPERIMETRICA-UT200",,,1,"0.4",,,"Horas",625,5
"013614",,,37,5,"PRENSA BASE TRIPODE PARA TUBERIA",,,1,"0.4",,,"Horas","0.45875","3.67"
"004602",,,37,5,"SOLDADORA ELECTRICA-CD/DC 250",,,"0.5","0.2",,,"Horas",5125,41
"004670",,,37,5,"TALADRO-",,,1,"0.4",,,"Horas","0.1975","1.58"
"004680",,,37,5,"TRONZADORA -TRONZADORA 14'",,,1,"0.4",,,"Horas","0.5",4
"DH-JMT",,,37,5,"DOBLADORA HIDRÁULICA JMT",,,"0.1","0.04",,,"Horas","3.90625","31.25"
"004755",,,37,5,"ESCALERA TIPO TIJERA",,,2,"0.8",,,"Horas","0.5",4
"004561",,,37,5,"ESMERIL  4.1/2´´-VARIOS",,,1,"0.4",,,"Horas","0.34375","2.75"
"38",,,34,2,"REALIZAR CONEXIÓN EN BORNES DE MOTOR 1200 HP DE LA TRANSMISION DEL MOLINO N° 1, INCLUYE, REALIZAR PRUEBAS ELÉCTRICAS Y VERIFICACIÓN DE GIRO ( MOTOT TRIFASICO 3 KW- 440 VAC)",,,,1,"0.6",8,"PZA",,
"001276",,,38,3,"DESENGRASANTE (LTS)",,,2,2,,,"L",525,
"001769",,,38,3,"GUANTE DE NITRILLO LARGO (PAR)",,,4,4,,,"Unidades","1.6848",
"001844",,,38,3,"JABON EN POLVO (kg)",,,2,2,,,"kg","11.7074",
"002212",,,38,3,"MASCARILLA KN 95",,,4,4,,,"Pza",219,
"003546",,,38,3,"TRAPOS DE LIMPIEZA ( SACO)",,,"0.15","0.15",,,"Saco","30.0265",
"001336",,,38,4,"ELECTRICISTA DE 1a",,,2,"26.6666656070286",,,"Horas","1.54","12.32"
"000767",,,38,4,"CAPATAZ",,,1,"13.3333328035143",,,"Horas","1.54","12.32"
"015246",,,38,4,"ELECTRICISTA DE II",,,1,"13.3333328035143",,,"Horas","1.5",12
"80",,,38,4,"LINIERO DE 1a",,,1,"13.3333328035143",,,"Horas","6.25",50
"004570",,,38,5,"EXTENSION ELECTRICA-ESTANDAR",,,2,"26.6666656070286",,,"Horas","0.17125","1.37"
"014223",,,38,5,"GRILLETE 1.1/8' 9.1/2 TON G2130",,,4,"53.3333312140572",,,"Horas",125,1
"014761",,,38,5,"GUAYA DE 3/4"" X 1.5 MTS",,,4,"53.3333312140572",,,"Horas","0.0625","0.5"
"004754",,,38,5,"GUAYA PASA CABLE (ELECTRICISTA)",,,1,"13.3333328035143",,,"Horas","0.1","0.8"
"008264",,,38,5,"JUEGO DE DADOS CUD 1/2 PULG 13 PZA",,,1,"13.3333328035143",,,"Horas","0.25",2
"004535",,,38,5,"ARNES DE SEGURIDAD CON ESLINGA-CORPORAL",,,2,"26.6666656070286",,,"Horas","0.5",4
"008481",,,38,5,"JUEGO DE TARRAJA 1/2' A 1'",,,1,"13.3333328035143",,,"Horas","0.25",2
"015788",,,38,5,"JUEGO LLAVES COMBINADA COMBO MM/PULG 20PZA",,,1,"13.3333328035143",,,"Horas",125,1
"004747",,,38,5,"KIT DE HERRAMIENTAS ELECTRICIDAD",,,1,"13.3333328035143",,,"Horas","0.6875","5.5"
"008041",,,38,5,"LLAVE PARA TUBO 14 PULG",,,2,"26.6666656070286",,,"Horas","0.03125","0.25"
"008044",,,38,5,"LLAVE PARA TUBO 36 PULG",,,2,"26.6666656070286",,,"Horas","0.0875","0.7"
"004614",,,38,5,"MEGER-UT500",,,1,"13.3333328035143",,,"Horas",1875,15
"004632",,,38,5,"PINZA AMPERIMETRICA-UT200",,,2,"26.6666656070286",,,"Horas",625,5
"013614",,,38,5,"PRENSA BASE TRIPODE PARA TUBERIA",,,1,"13.3333328035143",,,"Horas","0.45875","3.67"
"011943",,,38,5,"PRENSA TERMINAL HIDRAULICO (CRIMPADORA)",,,1,"13.3333328035143",,,"Horas",1,8
"008133",,,38,5,"ROSCADORA RIGID MOD 535",,,1,"13.3333328035143",,,"Horas",1875,15
"004602",,,38,5,"SOLDADORA ELECTRICA-CD/DC 250",,,"0.5","6.66666640175715",,,"Horas",5125,41
"004674",,,38,5,"TALADRO ROTO MARTILLO-TE-76ATC",,,"0.5","6.66666640175715",,,"Horas","3.90625","31.25"
"004670",,,38,5,"TALADRO-",,,1,"13.3333328035143",,,"Horas","0.1975","1.58"
"004679",,,38,5,"TORQUIMETRO -6014C",,,1,"13.3333328035143",,,"Horas",375,3
"004680",,,38,5,"TRONZADORA -TRONZADORA 14'",,,1,"13.3333328035143",,,"Horas","0.5",4
"013820",,,38,5,"CIZALLA MANUAL 24""",,,1,"13.3333328035143",,,"Horas",125,1
"DH-JMT",,,38,5,"DOBLADORA HIDRÁULICA JMT",,,"0.1","1.33333328035143",,,"Horas","3.90625","31.25"
"004755",,,38,5,"ESCALERA TIPO TIJERA",,,2,"26.6666656070286",,,"Horas","0.5",4
"013851",,,38,5,"ESLINGA DE CARGA 3' X 6M NILON",,,1,"13.3333328035143",,,"Horas","0.25",2
"004561",,,38,5,"ESMERIL  4.1/2´´-VARIOS",,,1,"13.3333328035143",,,"Horas","0.34375","2.75"
"39",,,34,2,"REALIZAR CONEXION EN CAJA DEL MOTOR Y CELDAS DEL VARIADOR DE SISTEMA DE CALEFACCION",,,,1,"0.5",8,"PZA",,
"001299",,,39,3,"DISCO DE CORTE D EXT 4 1/2"" ESP 1/8""",,,4,4,,,"Pza","1.1513",
"001310",,,39,3,"DISCO DE CORTE PARA TRONZADORA DIAMETRO 14 PLG",,,1,1,,,"Pza","5.6516",
"001312",,,39,3,"DISCO DE DESBASTE DIAMETRO 4 1/2"" EJE 1/4"" ESP 7/8""",,,1,1,,,"Pza","3.4189",
"000155",,,39,3,"ANGULO AC SECCION L  ALTURA 75 MM ESP 6 MM LONG 6 M MAT",,,2,2,,,"Pza","51.92",
"001357",,,39,3,"ELECTRODO E 6013 ARCO ELEC PARA AC DIAM 3/32 X L 350 MM",,,5,5,,,"kg","3.2817",
"001765",,,39,3,"GUANTE DE HILO CON PVC (PAR)",,,5,5,,,"Par","0.3781",
"002212",,,39,3,"MASCARILLA KN 95",,,5,5,,,"Pza",219,
"001336",,,39,4,"ELECTRICISTA DE 1a",,,2,32,,,"Horas","1.54","12.32"
"000767",,,39,4,"CAPATAZ",,,1,16,,,"Horas","1.54","12.32"
"015246",,,39,4,"ELECTRICISTA DE II",,,2,32,,,"Horas","1.5",12
"004570",,,39,5,"EXTENSION ELECTRICA-ESTANDAR",,,1,16,,,"Horas","0.17125","1.37"
"004754",,,39,5,"GUAYA PASA CABLE (ELECTRICISTA)",,,1,16,,,"Horas","0.1","0.8"
"004535",,,39,5,"ARNES DE SEGURIDAD CON ESLINGA-CORPORAL",,,2,32,,,"Horas","0.5",4
"004750",,,39,5,"JUEGO DE DADOS HEXAGONALES PULG CUADRANTE 3/4'",,,1,16,,,"Horas","0.2675","2.14"
"008481",,,39,5,"JUEGO DE TARRAJA 1/2' A 1'",,,1,16,,,"Horas","0.25",2
"015788",,,39,5,"JUEGO LLAVES COMBINADA COMBO MM/PULG 20PZA",,,1,16,,,"Horas",125,1
"004747",,,39,5,"KIT DE HERRAMIENTAS ELECTRICIDAD",,,1,16,,,"Horas","0.6875","5.5"
"008041",,,39,5,"LLAVE PARA TUBO 14 PULG",,,2,32,,,"Horas","0.03125","0.25"
"004614",,,39,5,"MEGER-UT500",,,1,16,,,"Horas",1875,15
"004632",,,39,5,"PINZA AMPERIMETRICA-UT200",,,1,16,,,"Horas",625,5
"013614",,,39,5,"PRENSA BASE TRIPODE PARA TUBERIA",,,1,16,,,"Horas","0.45875","3.67"
"004658",,,39,5,"SOLDADORA ELECTRICA-450 DC",,,1,16,,,"Horas",5125,41
"004670",,,39,5,"TALADRO-",,,1,16,,,"Horas","0.1975","1.58"
"004680",,,39,5,"TRONZADORA -TRONZADORA 14'",,,1,16,,,"Horas","0.5",4
"DH-JMT",,,39,5,"DOBLADORA HIDRÁULICA JMT",,,"0.1","1.6",,,"Horas","3.90625","31.25"
"004755",,,39,5,"ESCALERA TIPO TIJERA",,,2,32,,,"Horas","0.5",4
"004561",,,39,5,"ESMERIL  4.1/2´´-VARIOS",,,1,16,,,"Horas","0.34375","2.75"
"40",,,34,2,"IDENTIFICACION Y CONEXION EN CAJA DEL MOTOR Y CELDAS DEL VARIADOR DE SEÑALES DE LAS RTD",,,,1,"0.4",8,"PZA",,
"001276",,,40,3,"DESENGRASANTE (LTS)",,,2,2,,,"L",525,
"001769",,,40,3,"GUANTE DE NITRILLO LARGO (PAR)",,,5,5,,,"Unidades","1.6848",
"001844",,,40,3,"JABON EN POLVO (kg)",,,2,2,,,"kg","11.7074",
"002212",,,40,3,"MASCARILLA KN 95",,,5,5,,,"Pza",219,
"003546",,,40,3,"TRAPOS DE LIMPIEZA ( SACO)",,,"0.15","0.15",,,"Saco","30.0265",
"001336",,,40,4,"ELECTRICISTA DE 1a",,,2,"39.9999994039536",,,"Horas","1.54","12.32"
"000767",,,40,4,"CAPATAZ",,,1,"19.9999997019768",,,"Horas","1.54","12.32"
"015246",,,40,4,"ELECTRICISTA DE II",,,2,"39.9999994039536",,,"Horas","1.5",12
"004570",,,40,5,"EXTENSION ELECTRICA-ESTANDAR",,,2,"39.9999994039536",,,"Horas","0.17125","1.37"
"004754",,,40,5,"GUAYA PASA CABLE (ELECTRICISTA)",,,1,"19.9999997019768",,,"Horas","0.1","0.8"
"004535",,,40,5,"ARNES DE SEGURIDAD CON ESLINGA-CORPORAL",,,2,"39.9999994039536",,,"Horas","0.5",4
"013370",,,40,5,"JUEGO DE DADOS CUD 3/4 MM 19PZA",,,1,"19.9999997019768",,,"Horas","0.25",2
"008481",,,40,5,"JUEGO DE TARRAJA 1/2' A 1'",,,1,"19.9999997019768",,,"Horas","0.25",2
"015788",,,40,5,"JUEGO LLAVES COMBINADA COMBO MM/PULG 20PZA",,,1,"19.9999997019768",,,"Horas",125,1
"004747",,,40,5,"KIT DE HERRAMIENTAS ELECTRICIDAD",,,1,"19.9999997019768",,,"Horas","0.6875","5.5"
"008041",,,40,5,"LLAVE PARA TUBO 14 PULG",,,2,"39.9999994039536",,,"Horas","0.03125","0.25"
"004632",,,40,5,"PINZA AMPERIMETRICA-UT200",,,2,"39.9999994039536",,,"Horas",625,5
"013614",,,40,5,"PRENSA BASE TRIPODE PARA TUBERIA",,,1,"19.9999997019768",,,"Horas","0.45875","3.67"
"004602",,,40,5,"SOLDADORA ELECTRICA-CD/DC 250",,,"0.5","9.99999985098839",,,"Horas",5125,41
"004670",,,40,5,"TALADRO-",,,1,"19.9999997019768",,,"Horas","0.1975","1.58"
"004680",,,40,5,"TRONZADORA -TRONZADORA 14'",,,1,"19.9999997019768",,,"Horas","0.5",4
"DH-JMT",,,40,5,"DOBLADORA HIDRÁULICA JMT",,,"0.1","1.99999997019768",,,"Horas","3.90625","31.25"
"004755",,,40,5,"ESCALERA TIPO TIJERA",,,2,"39.9999994039536",,,"Horas","0.5",4
"004561",,,40,5,"ESMERIL  4.1/2´´-VARIOS",,,1,"19.9999997019768",,,"Horas","0.34375","2.75"
"42",,,34,2,"REALIZAR INSTALACION DE DOS (02) BREAKERS TERMOMAGNETICO, 3 POLOS 480/600 V, 65 KA ICC, CAP 160 A INTERRUPTOR PRINCIPAL 460 VAC",,,,2,4,8,"PZA",,
"001276",,,42,3,"DESENGRASANTE (LTS)",,,1,1,,,"L",525,
"001769",,,42,3,"GUANTE DE NITRILLO LARGO (PAR)",,,"2.5","2.5",,,"Unidades","1.6848",
"001844",,,42,3,"JABON EN POLVO (kg)",,,1,1,,,"kg","11.7074",
"002212",,,42,3,"MASCARILLA KN 95",,,"2.5","2.5",,,"Pza",219,
"003546",,,42,3,"TRAPOS DE LIMPIEZA ( SACO)",,,"0.1","0.1",,,"Saco","30.0265",
"001336",,,42,4,"ELECTRICISTA DE 1a",,,2,4,,,"Horas","1.54","12.32"
"000767",,,42,4,"CAPATAZ",,,1,2,,,"Horas","1.54","12.32"
"015246",,,42,4,"ELECTRICISTA DE II",,,2,4,,,"Horas","1.5",12
"004570",,,42,5,"EXTENSION ELECTRICA-ESTANDAR",,,2,4,,,"Horas","0.17125","1.37"
"004754",,,42,5,"GUAYA PASA CABLE (ELECTRICISTA)",,,1,2,,,"Horas","0.1","0.8"
"004535",,,42,5,"ARNES DE SEGURIDAD CON ESLINGA-CORPORAL",,,2,4,,,"Horas","0.5",4
"013370",,,42,5,"JUEGO DE DADOS CUD 3/4 MM 19PZA",,,1,2,,,"Horas","0.25",2
"008481",,,42,5,"JUEGO DE TARRAJA 1/2' A 1'",,,1,2,,,"Horas","0.25",2
"015788",,,42,5,"JUEGO LLAVES COMBINADA COMBO MM/PULG 20PZA",,,1,2,,,"Horas",125,1
"004747",,,42,5,"KIT DE HERRAMIENTAS ELECTRICIDAD",,,1,2,,,"Horas","0.6875","5.5"
"008041",,,42,5,"LLAVE PARA TUBO 14 PULG",,,2,4,,,"Horas","0.03125","0.25"
"004614",,,42,5,"MEGER-UT500",,,"0.5",1,,,"Horas",1875,15
"004632",,,42,5,"PINZA AMPERIMETRICA-UT200",,,1,2,,,"Horas",625,5
"013614",,,42,5,"PRENSA BASE TRIPODE PARA TUBERIA",,,1,2,,,"Horas","0.45875","3.67"
"004602",,,42,5,"SOLDADORA ELECTRICA-CD/DC 250",,,"0.5",1,,,"Horas",5125,41
"004670",,,42,5,"TALADRO-",,,1,2,,,"Horas","0.1975","1.58"
"004680",,,42,5,"TRONZADORA -TRONZADORA 14'",,,1,2,,,"Horas","0.5",4
"DH-JMT",,,42,5,"DOBLADORA HIDRÁULICA JMT",,,"0.1","0.2",,,"Horas","3.90625","31.25"
"004755",,,42,5,"ESCALERA TIPO TIJERA",,,2,4,,,"Horas","0.5",4
"004561",,,42,5,"ESMERIL  4.1/2´´-VARIOS",,,1,2,,,"Horas","0.34375","2.75"
"45",,,34,2,"REALIZAR CONEXIÓN EN BORNES DE MOTOR , PRUEBA ELÉCTRICAS Y VERIFICACIÓN DE GIRO DEL MOTOR CENTRAL 11 KW - 440 VAC DEL SISTEMA LUBRICACION DEL RDUCTOR PLANETARIO",,,,1,"1.3",8,"PZA",,
"001276",,,45,3,"DESENGRASANTE (LTS)",,,2,2,,,"L",525,
"001769",,,45,3,"GUANTE DE NITRILLO LARGO (PAR)",,,4,4,,,"Unidades","1.6848",
"001844",,,45,3,"JABON EN POLVO (kg)",,,2,2,,,"kg","11.7074",
"002212",,,45,3,"MASCARILLA KN 95",,,4,4,,,"Pza",219,
"003546",,,45,3,"TRAPOS DE LIMPIEZA ( SACO)",,,"0.15","0.15",,,"Saco","30.0265",
"001336",,,45,4,"ELECTRICISTA DE 1a",,,1,"6.15384637956789",,,"Horas","1.54","12.32"
"000767",,,45,4,"CAPATAZ",,,1,"6.15384637956789",,,"Horas","1.54","12.32"
"015246",,,45,4,"ELECTRICISTA DE II",,,2,"12.3076927591358",,,"Horas","1.5",12
"008266",,,45,5,"JUEGO DE DADOS CUD 1/2 PULG 23 PZA",,,1,"6.15384637956789",,,"Horas","0.25",2
"015788",,,45,5,"JUEGO LLAVES COMBINADA COMBO MM/PULG 20PZA",,,1,"6.15384637956789",,,"Horas",125,1
"004747",,,45,5,"KIT DE HERRAMIENTAS ELECTRICIDAD",,,1,"6.15384637956789",,,"Horas","0.6875","5.5"
"004614",,,45,5,"MEGER-UT500",,,1,"6.15384637956789",,,"Horas",1875,15
"004632",,,45,5,"PINZA AMPERIMETRICA-UT200",,,1,"6.15384637956789",,,"Horas",625,5
"46",,,34,2,"REALIZAR INSTALACION DE CINCO (05) MTS DE TUBERIA CONDUIT Ø 1"" DESDE TABLERO 220 VAC HASTA TABLERO 460 VAC",,,,5,20,8,"ML",,
"001276",,,46,3,"DESENGRASANTE (LTS)",,,"0.4","0.4",,,"L",525,
"001769",,,46,3,"GUANTE DE NITRILLO LARGO (PAR)",,,1,1,,,"Unidades","1.6848",
"001844",,,46,3,"JABON EN POLVO (kg)",,,"0.4","0.4",,,"kg","11.7074",
"003546",,,46,3,"TRAPOS DE LIMPIEZA ( SACO)",,,"0.05","0.05",,,"Saco","30.0265",
"001336",,,46,4,"ELECTRICISTA DE 1a",,,1,"0.4",,,"Horas","1.54","12.32"
"000767",,,46,4,"CAPATAZ",,,1,"0.4",,,"Horas","1.54","12.32"
"015246",,,46,4,"ELECTRICISTA DE II",,,2,"0.8",,,"Horas","1.5",12
"004570",,,46,5,"EXTENSION ELECTRICA-ESTANDAR",,,2,"0.8",,,"Horas","0.17125","1.37"
"004754",,,46,5,"GUAYA PASA CABLE (ELECTRICISTA)",,,1,"0.4",,,"Horas","0.1","0.8"
"004535",,,46,5,"ARNES DE SEGURIDAD CON ESLINGA-CORPORAL",,,2,"0.8",,,"Horas","0.5",4
"013370",,,46,5,"JUEGO DE DADOS CUD 3/4 MM 19PZA",,,1,"0.4",,,"Horas","0.25",2
"008481",,,46,5,"JUEGO DE TARRAJA 1/2' A 1'",,,1,"0.4",,,"Horas","0.25",2
"015788",,,46,5,"JUEGO LLAVES COMBINADA COMBO MM/PULG 20PZA",,,1,"0.4",,,"Horas",125,1
"004747",,,46,5,"KIT DE HERRAMIENTAS ELECTRICIDAD",,,1,"0.4",,,"Horas","0.6875","5.5"
"008041",,,46,5,"LLAVE PARA TUBO 14 PULG",,,2,"0.8",,,"Horas","0.03125","0.25"
"004614",,,46,5,"MEGER-UT500",,,"0.5","0.2",,,"Horas",1875,15
"004632",,,46,5,"PINZA AMPERIMETRICA-UT200",,,1,"0.4",,,"Horas",625,5
"013614",,,46,5,"PRENSA BASE TRIPODE PARA TUBERIA",,,1,"0.4",,,"Horas","0.45875","3.67"
"004602",,,46,5,"SOLDADORA ELECTRICA-CD/DC 250",,,"0.5","0.2",,,"Horas",5125,41
"004670",,,46,5,"TALADRO-",,,1,"0.4",,,"Horas","0.1975","1.58"
"004680",,,46,5,"TRONZADORA -TRONZADORA 14'",,,1,"0.4",,,"Horas","0.5",4
"DH-JMT",,,46,5,"DOBLADORA HIDRÁULICA JMT",,,"0.1","0.04",,,"Horas","3.90625","31.25"
"004755",,,46,5,"ESCALERA TIPO TIJERA",,,2,"0.8",,,"Horas","0.5",4
"004561",,,46,5,"ESMERIL  4.1/2´´-VARIOS",,,1,"0.4",,,"Horas","0.34375","2.75"
"47",,,34,2,"REALIZAR INSTALACION DE UNA (01) CAJA DE PASO 70 X 50 X 20 (CAJA DE DISTRIBUCION 460 VAC)",,,,1,"0.5",8,"PZA",,
"001276",,,47,3,"DESENGRASANTE (LTS)",,,2,2,,,"L",525,
"001299",,,47,3,"DISCO DE CORTE D EXT 4 1/2"" ESP 1/8""",,,4,4,,,"Pza","1.1513",
"001310",,,47,3,"DISCO DE CORTE PARA TRONZADORA DIAMETRO 14 PLG",,,1,1,,,"Pza","5.6516",
"001312",,,47,3,"DISCO DE DESBASTE DIAMETRO 4 1/2"" EJE 1/4"" ESP 7/8""",,,1,1,,,"Pza","3.4189",
"000155",,,47,3,"ANGULO AC SECCION L  ALTURA 75 MM ESP 6 MM LONG 6 M MAT",,,1,1,,,"Pza","51.92",
"001357",,,47,3,"ELECTRODO E 6013 ARCO ELEC PARA AC DIAM 3/32 X L 350 MM",,,5,5,,,"kg","3.2817",
"001765",,,47,3,"GUANTE DE HILO CON PVC (PAR)",,,4,4,,,"Par","0.3781",
"001844",,,47,3,"JABON EN POLVO (kg)",,,2,2,,,"kg","11.7074",
"002212",,,47,3,"MASCARILLA KN 95",,,4,4,,,"Pza",219,
"003546",,,47,3,"TRAPOS DE LIMPIEZA ( SACO)",,,"0.15","0.15",,,"Saco","30.0265",
"001336",,,47,4,"ELECTRICISTA DE 1a",,,1,16,,,"Horas","1.54","12.32"
"000767",,,47,4,"CAPATAZ",,,1,16,,,"Horas","1.54","12.32"
"015246",,,47,4,"ELECTRICISTA DE II",,,2,32,,,"Horas","1.5",12
"004570",,,47,5,"EXTENSION ELECTRICA-ESTANDAR",,,2,32,,,"Horas","0.17125","1.37"
"004754",,,47,5,"GUAYA PASA CABLE (ELECTRICISTA)",,,1,16,,,"Horas","0.1","0.8"
"004535",,,47,5,"ARNES DE SEGURIDAD CON ESLINGA-CORPORAL",,,2,32,,,"Horas","0.5",4
"013370",,,47,5,"JUEGO DE DADOS CUD 3/4 MM 19PZA",,,1,16,,,"Horas","0.25",2
"008481",,,47,5,"JUEGO DE TARRAJA 1/2' A 1'",,,1,16,,,"Horas","0.25",2
"015788",,,47,5,"JUEGO LLAVES COMBINADA COMBO MM/PULG 20PZA",,,1,16,,,"Horas",125,1
"004747",,,47,5,"KIT DE HERRAMIENTAS ELECTRICIDAD",,,1,16,,,"Horas","0.6875","5.5"
"008041",,,47,5,"LLAVE PARA TUBO 14 PULG",,,2,32,,,"Horas","0.03125","0.25"
"004614",,,47,5,"MEGER-UT500",,,"0.5",8,,,"Horas",1875,15
"004632",,,47,5,"PINZA AMPERIMETRICA-UT200",,,1,16,,,"Horas",625,5
"013614",,,47,5,"PRENSA BASE TRIPODE PARA TUBERIA",,,1,16,,,"Horas","0.45875","3.67"
"004602",,,47,5,"SOLDADORA ELECTRICA-CD/DC 250",,,"0.5",8,,,"Horas",5125,41
"004670",,,47,5,"TALADRO-",,,1,16,,,"Horas","0.1975","1.58"
"004680",,,47,5,"TRONZADORA -TRONZADORA 14'",,,1,16,,,"Horas","0.5",4
"DH-JMT",,,47,5,"DOBLADORA HIDRÁULICA JMT",,,"0.1","1.6",,,"Horas","3.90625","31.25"
"004755",,,47,5,"ESCALERA TIPO TIJERA",,,2,32,,,"Horas","0.5",4
"004561",,,47,5,"ESMERIL  4.1/2´´-VARIOS",,,1,16,,,"Horas","0.34375","2.75"
"48",,,34,2,"REALIZAR INSTALACIÓN DE VARIADOR WEG - 1200 HP EN CASETA NUEVA ÁREA DE MOLINO CONEXIÓN DE CABLEADO 2/0 - 5 KV DESDE INTERRUPTOR DHP CASETA MOLINO 5 HASTA BARRA CONEXIÓN ENTRADA VARIADOR",,,,1,"0.35",8,"PZA",,
"001299",,,48,3,"DISCO DE CORTE D EXT 4 1/2"" ESP 1/8""",,,4,4,,,"Pza","1.1513",
"001310",,,48,3,"DISCO DE CORTE PARA TRONZADORA DIAMETRO 14 PLG",,,1,1,,,"Pza","5.6516",
"001357",,,48,3,"ELECTRODO E 6013 ARCO ELEC PARA AC DIAM 3/32 X L 350 MM",,,10,10,,,"kg","3.2817",
"002235",,,48,3,"MECHA CILINDRICA H.S.S PARA ACERO DIAMETRO 1/4""",,,5,5,,,"Pza","6.6293",
"002246",,,48,3,"MECHA CILINDRICA H.S.S PARA ACERO DIAMETRO 3/8""",,,5,5,,,"Pza","5.0499",
"002250",,,48,3,"MECHA CILINDRICA H.S.S PARA ACERO DIAMETRO 9 MM",,,5,5,,,"Pza",18,
"002251",,,48,3,"MECHA CILINDRICA H.S.S PARA ACERO DIAMETRO HSS 1/2""",,,5,5,,,"Pza","6.95",
"001336",,,48,4,"ELECTRICISTA DE 1a",,,2,"45.7142864927954",,,"Horas","1.54","12.32"
"000767",,,48,4,"CAPATAZ",,,1,"22.8571432463977",,,"Horas","1.54","12.32"
"015246",,,48,4,"ELECTRICISTA DE II",,,2,"45.7142864927954",,,"Horas","1.5",12
"004754",,,48,5,"GUAYA PASA CABLE (ELECTRICISTA)",,,1,"22.8571432463977",,,"Horas","0.1","0.8"
"004535",,,48,5,"ARNES DE SEGURIDAD CON ESLINGA-CORPORAL",,,2,"45.7142864927954",,,"Horas","0.5",4
"008266",,,48,5,"JUEGO DE DADOS CUD 1/2 PULG 23 PZA",,,1,"22.8571432463977",,,"Horas","0.25",2
"008481",,,48,5,"JUEGO DE TARRAJA 1/2'' A 1''",,,1,"22.8571432463977",,,"Horas","0.25",2
"015788",,,48,5,"JUEGO LLAVES COMBINADA COMBO MM/PULG 20PZA",,,1,"22.8571432463977",,,"Horas",125,1
"004747",,,48,5,"KIT DE HERRAMIENTAS ELECTRICIDAD",,,1,"22.8571432463977",,,"Horas","0.6875","5.5"
"008041",,,48,5,"LLAVE PARA TUBO 14 PULG",,,2,"45.7142864927954",,,"Horas","0.03125","0.25"
"004614",,,48,5,"MEGER-UT500",,,1,"22.8571432463977",,,"Horas",1875,15
"004632",,,48,5,"PINZA AMPERIMETRICA-UT200",,,1,"22.8571432463977",,,"Horas",625,5
"013614",,,48,5,"PRENSA BASE TRIPODE PARA TUBERIA",,,1,"22.8571432463977",,,"Horas","0.45875","3.67"
"004602",,,48,5,"SOLDADORA ELECTRICA-CD/DC 250",,,1,"22.8571432463977",,,"Horas",5125,41
"DH-JMT",,,48,5,"DOBLADORA HIDRÁULICA JMT",,,"0.15","3.42857148695965",,,"Horas","3.90625","31.25"
"004755",,,48,5,"ESCALERA TIPO TIJERA",,,1,"22.8571432463977",,,"Horas","0.5",4
"49",,,34,2,"REALIZAR INSTALACIÓN DE TREINTA Y CINCO (35) MTS DE CONDUCTOR XLP - 2/0 - 5 KV DESDE SALIDA VARIADOR WEG HASTA CAJA DE CONEXIÓN MOTOR 1200 HP",,,,35,12,8,"ML",,
"001276",,,49,3,"DESENGRASANTE (LTS)",,,"5.71428571428571E-02","5.71428571428571E-02",,,"L",525,
"001769",,,49,3,"GUANTE DE NITRILLO LARGO (PAR)",,,"0.114285714285714","0.114285714285714",,,"Unidades","1.6848",
"001844",,,49,3,"JABON EN POLVO (kg)",,,"5.71428571428571E-02","5.71428571428571E-02",,,"kg","11.7074",
"003546",,,49,3,"TRAPOS DE LIMPIEZA ( SACO)",,,"2.8571428571429E-03","2.8571428571429E-03",,,"Saco","30.0265",
"001336",,,49,4,"ELECTRICISTA DE 1a",,,2,"1.33333333333333",,,"Horas","1.54","12.32"
"000767",,,49,4,"CAPATAZ",,,1,"0.666666666666667",,,"Horas","1.54","12.32"
"015246",,,49,4,"ELECTRICISTA DE II",,,2,"1.33333333333333",,,"Horas","1.5",12
"004535",,,49,5,"ARNES DE SEGURIDAD CON ESLINGA-CORPORAL",,,2,"1.33333333333333",,,"Horas","0.5",4
"008266",,,49,5,"JUEGO DE DADOS CUD 1/2 PULG 23 PZA",,,1,"0.666666666666667",,,"Horas","0.25",2
"015788",,,49,5,"JUEGO LLAVES COMBINADA COMBO MM/PULG 20PZA",,,1,"0.666666666666667",,,"Horas",125,1
"004747",,,49,5,"KIT DE HERRAMIENTAS ELECTRICIDAD",,,1,"0.666666666666667",,,"Horas","0.6875","5.5"
"004614",,,49,5,"MEGER-UT500",,,1,"0.666666666666667",,,"Horas",1875,15
"004632",,,49,5,"PINZA AMPERIMETRICA-UT200",,,1,"0.666666666666667",,,"Horas",625,5
"004755",,,49,5,"ESCALERA TIPO TIJERA",,,1,"0.666666666666667",,,"Horas","0.5",4
"50",,,34,2,"REALIZAR INSTALACIÓN DE TREINTA Y CINCO (35) MTS DE TUBERÍA CONDUIT Ø 1 1/2"" DESDE MCC MOLINO HASTA CASETA DE MOLINO N°1",,,,35,12,8,"ML",,
"001276",,,50,3,"DESENGRASANTE (LTS)",,,"5.71428571428571E-02","5.71428571428571E-02",,,"L",525,
"001299",,,50,3,"DISCO DE CORTE D EXT 4 1/2"" ESP 1/8""",,,"0.228571428571429","0.228571428571429",,,"Pza","1.1513",
"001769",,,50,3,"GUANTE DE NITRILLO LARGO (PAR)",,,"0.114285714285714","0.114285714285714",,,"Unidades","1.6848",
"001844",,,50,3,"JABON EN POLVO (kg)",,,"5.71428571428571E-02","5.71428571428571E-02",,,"kg","11.7074",
"002246",,,50,3,"MECHA CILINDRICA H.S.S PARA ACERO DIAMETRO 3/8""",,,"0.114285714285714","0.114285714285714",,,"Pza","5.0499",
"002250",,,50,3,"MECHA CILINDRICA H.S.S PARA ACERO DIAMETRO 9 MM",,,"0.114285714285714","0.114285714285714",,,"Pza",18,
"002251",,,50,3,"MECHA CILINDRICA H.S.S PARA ACERO DIAMETRO HSS 1/2""",,,"0.114285714285714","0.114285714285714",,,"Pza","6.95",
"003546",,,50,3,"TRAPOS DE LIMPIEZA ( SACO)",,,"4.2857142857143E-03","4.2857142857143E-03",,,"Saco","30.0265",
"001336",,,50,4,"ELECTRICISTA DE 1a",,,2,"1.33333333333333",,,"Horas","1.54","12.32"
"000767",,,50,4,"CAPATAZ",,,1,"0.666666666666667",,,"Horas","1.54","12.32"
"015246",,,50,4,"ELECTRICISTA DE II",,,2,"1.33333333333333",,,"Horas","1.5",12
"004570",,,50,5,"EXTENSION ELECTRICA-ESTANDAR",,,2,"1.33333333333333",,,"Horas","0.17125","1.37"
"004754",,,50,5,"GUAYA PASA CABLE (ELECTRICISTA)",,,1,"0.666666666666667",,,"Horas","0.1","0.8"
"004535",,,50,5,"ARNES DE SEGURIDAD CON ESLINGA-CORPORAL",,,2,"1.33333333333333",,,"Horas","0.5",4
"013370",,,50,5,"JUEGO DE DADOS CUD 3/4 MM 19PZA",,,1,"0.666666666666667",,,"Horas","0.25",2
"008481",,,50,5,"JUEGO DE TARRAJA 1/2' A 1'",,,1,"0.666666666666667",,,"Horas","0.25",2
"015788",,,50,5,"JUEGO LLAVES COMBINADA COMBO MM/PULG 20PZA",,,1,"0.666666666666667",,,"Horas",125,1
"004747",,,50,5,"KIT DE HERRAMIENTAS ELECTRICIDAD",,,1,"0.666666666666667",,,"Horas","0.6875","5.5"
"008041",,,50,5,"LLAVE PARA TUBO 14 PULG",,,2,"1.33333333333333",,,"Horas","0.03125","0.25"
"004614",,,50,5,"MEGER-UT500",,,"0.5","0.333333333333333",,,"Horas",1875,15
"004632",,,50,5,"PINZA AMPERIMETRICA-UT200",,,1,"0.666666666666667",,,"Horas",625,5
"013614",,,50,5,"PRENSA BASE TRIPODE PARA TUBERIA",,,1,"0.666666666666667",,,"Horas","0.45875","3.67"
"004602",,,50,5,"SOLDADORA ELECTRICA-CD/DC 250",,,"0.5","0.333333333333333",,,"Horas",5125,41
"004670",,,50,5,"TALADRO-",,,1,"0.666666666666667",,,"Horas","0.1975","1.58"
"004680",,,50,5,"TRONZADORA -TRONZADORA 14'",,,1,"0.666666666666667",,,"Horas","0.5",4
"DH-JMT",,,50,5,"DOBLADORA HIDRÁULICA JMT",,,"0.1","6.66666666666667E-02",,,"Horas","3.90625","31.25"
"004755",,,50,5,"ESCALERA TIPO TIJERA",,,2,"1.33333333333333",,,"Horas","0.5",4
"004561",,,50,5,"ESMERIL  4.1/2´´-VARIOS",,,1,"0.666666666666667",,,"Horas","0.34375","2.75"
"51",,,34,2,"FABRICACION Y MONTAJE DE SOPORTARÍA PARA ACOMETIDA CON ANGULO 1 1/2"" X 1 1/2"" X 1/4"", RIEL UNITRUS, ABRAZADERAS, ETC.",,,,1,"0.5",8,"UNIDAD",,
"001276",,,51,3,"DESENGRASANTE (LTS)",,,2,2,,,"L",525,
"001769",,,51,3,"GUANTE DE NITRILLO LARGO (PAR)",,,4,4,,,"Unidades","1.6848",
"001844",,,51,3,"JABON EN POLVO (kg)",,,2,2,,,"kg","11.7074",
"002212",,,51,3,"MASCARILLA KN 95",,,4,4,,,"Pza",219,
"003546",,,51,3,"TRAPOS DE LIMPIEZA ( SACO)",,,"0.15","0.15",,,"Saco","30.0265",
"001336",,,51,4,"ELECTRICISTA DE 1a",,,1,16,,,"Horas","1.54","12.32"
"000767",,,51,4,"CAPATAZ",,,1,16,,,"Horas","1.54","12.32"
"015246",,,51,4,"ELECTRICISTA DE II",,,2,32,,,"Horas","1.5",12
"004570",,,51,5,"EXTENSION ELECTRICA-ESTANDAR",,,2,32,,,"Horas","0.17125","1.37"
"004754",,,51,5,"GUAYA PASA CABLE (ELECTRICISTA)",,,1,16,,,"Horas","0.1","0.8"
"004535",,,51,5,"ARNES DE SEGURIDAD CON ESLINGA-CORPORAL",,,2,32,,,"Horas","0.5",4
"013370",,,51,5,"JUEGO DE DADOS CUD 3/4 MM 19PZA",,,1,16,,,"Horas","0.25",2
"008481",,,51,5,"JUEGO DE TARRAJA 1/2' A 1'",,,1,16,,,"Horas","0.25",2
"015788",,,51,5,"JUEGO LLAVES COMBINADA COMBO MM/PULG 20PZA",,,1,16,,,"Horas",125,1
"004747",,,51,5,"KIT DE HERRAMIENTAS ELECTRICIDAD",,,1,16,,,"Horas","0.6875","5.5"
"008041",,,51,5,"LLAVE PARA TUBO 14 PULG",,,2,32,,,"Horas","0.03125","0.25"
"004614",,,51,5,"MEGER-UT500",,,"0.5",8,,,"Horas",1875,15
"004632",,,51,5,"PINZA AMPERIMETRICA-UT200",,,1,16,,,"Horas",625,5
"013614",,,51,5,"PRENSA BASE TRIPODE PARA TUBERIA",,,1,16,,,"Horas","0.45875","3.67"
"004602",,,51,5,"SOLDADORA ELECTRICA-CD/DC 250",,,"0.5",8,,,"Horas",5125,41
"004670",,,51,5,"TALADRO-",,,1,16,,,"Horas","0.1975","1.58"
"004680",,,51,5,"TRONZADORA -TRONZADORA 14'",,,1,16,,,"Horas","0.5",4
"DH-JMT",,,51,5,"DOBLADORA HIDRÁULICA JMT",,,"0.1","1.6",,,"Horas","3.90625","31.25"
"004755",,,51,5,"ESCALERA TIPO TIJERA",,,2,32,,,"Horas","0.5",4
"004561",,,51,5,"ESMERIL  4.1/2´´-VARIOS",,,1,16,,,"Horas","0.34375","2.75"
"52",,,34,2,"REALIZAR CONEXIÓN EN TABLERO SISTEMA 240/120 VAC",,,,1,"0.5",8,"PZA",,
"001276",,,52,3,"DESENGRASANTE (LTS)",,,2,2,,,"L",525,
"001299",,,52,3,"DISCO DE CORTE D EXT 4 1/2"" ESP 1/8""",,,8,8,,,"Pza","1.1513",
"001310",,,52,3,"DISCO DE CORTE PARA TRONZADORA DIAMETRO 14 PLG",,,1,1,,,"Pza","5.6516",
"001357",,,52,3,"ELECTRODO E 6013 ARCO ELEC PARA AC DIAM 3/32 X L 350 MM",,,5,5,,,"kg","3.2817",
"001769",,,52,3,"GUANTE DE NITRILLO LARGO (PAR)",,,4,4,,,"Unidades","1.6848",
"001844",,,52,3,"JABON EN POLVO (kg)",,,2,2,,,"kg","11.7074",
"002246",,,52,3,"MECHA CILINDRICA H.S.S PARA ACERO DIAMETRO 3/8""",,,4,4,,,"Pza","5.0499",
"002250",,,52,3,"MECHA CILINDRICA H.S.S PARA ACERO DIAMETRO 9 MM",,,4,4,,,"Pza",18,
"002251",,,52,3,"MECHA CILINDRICA H.S.S PARA ACERO DIAMETRO HSS 1/2""",,,4,4,,,"Pza","6.95",
"003546",,,52,3,"TRAPOS DE LIMPIEZA ( SACO)",,,"0.15","0.15",,,"Saco","30.0265",
"001336",,,52,4,"ELECTRICISTA DE 1a",,,1,16,,,"Horas","1.54","12.32"
"000767",,,52,4,"CAPATAZ",,,1,16,,,"Horas","1.54","12.32"
"015246",,,52,4,"ELECTRICISTA DE II",,,2,32,,,"Horas","1.5",12
"004570",,,52,5,"EXTENSION ELECTRICA-ESTANDAR",,,2,32,,,"Horas","0.17125","1.37"
"004754",,,52,5,"GUAYA PASA CABLE (ELECTRICISTA)",,,1,16,,,"Horas","0.1","0.8"
"004535",,,52,5,"ARNES DE SEGURIDAD CON ESLINGA-CORPORAL",,,2,32,,,"Horas","0.5",4
"013370",,,52,5,"JUEGO DE DADOS CUD 3/4 MM 19PZA",,,1,16,,,"Horas","0.25",2
"008481",,,52,5,"JUEGO DE TARRAJA 1/2' A 1'",,,1,16,,,"Horas","0.25",2
"015788",,,52,5,"JUEGO LLAVES COMBINADA COMBO MM/PULG 20PZA",,,1,16,,,"Horas",125,1
"004747",,,52,5,"KIT DE HERRAMIENTAS ELECTRICIDAD",,,1,16,,,"Horas","0.6875","5.5"
"008041",,,52,5,"LLAVE PARA TUBO 14 PULG",,,2,32,,,"Horas","0.03125","0.25"
"004614",,,52,5,"MEGER-UT500",,,"0.5",8,,,"Horas",1875,15
"004632",,,52,5,"PINZA AMPERIMETRICA-UT200",,,1,16,,,"Horas",625,5
"013614",,,52,5,"PRENSA BASE TRIPODE PARA TUBERIA",,,1,16,,,"Horas","0.45875","3.67"
"004602",,,52,5,"SOLDADORA ELECTRICA-CD/DC 250",,,"0.5",8,,,"Horas",5125,41
"004670",,,52,5,"TALADRO-",,,1,16,,,"Horas","0.1975","1.58"
"004680",,,52,5,"TRONZADORA -TRONZADORA 14'",,,1,16,,,"Horas","0.5",4
"DH-JMT",,,52,5,"DOBLADORA HIDRÁULICA JMT",,,"0.1","1.6",,,"Horas","3.90625","31.25"
"004755",,,52,5,"ESCALERA TIPO TIJERA",,,2,32,,,"Horas","0.5",4
"004561",,,52,5,"ESMERIL  4.1/2´´-VARIOS",,,1,16,,,"Horas","0.34375","2.75"
"53",,,34,2,"REALIZAR INSTALACION DE VEINTE Y CINCO (35) MTS DE TUBERIA CONDUIT Ø 1/2"" DESDE PANEL MOLINO HASTA CASETA NUEVA (CONTROL VARIADOR)",,,,35,24,8,"ML",,
"001299",,,53,3,"DISCO DE CORTE D EXT 4 1/2"" ESP 1/8""",,,"0.228571428571429","0.228571428571429",,,"Pza","1.1513",
"001357",,,53,3,"ELECTRODO E 6013 ARCO ELEC PARA AC DIAM 3/32 X L 350 MM",,,"0.142857142857143","0.142857142857143",,,"kg","3.2817",
"014719",,,53,3,"MECHA CILINDRICA H.S.S PARA ACERO 5/16""",,,"0.114285714285714","0.114285714285714",,,"Pza",10,
"002250",,,53,3,"MECHA CILINDRICA H.S.S PARA ACERO DIAMETRO 9 MM",,,"0.114285714285714","0.114285714285714",,,"Pza",10,
"002251",,,53,3,"MECHA CILINDRICA H.S.S PARA ACERO DIAMETRO HSS 1/2""",,,"0.114285714285714","0.114285714285714",,,"Pza","6.95",
"001336",,,53,4,"ELECTRICISTA DE 1a",,,1,"0.333333333333333",,,"Horas","1.54","12.32"
"000767",,,53,4,"CAPATAZ",,,1,"0.333333333333333",,,"Horas","1.54","12.32"
"015246",,,53,4,"ELECTRICISTA DE II",,,1,"0.333333333333333",,,"Horas","1.5",12
"004570",,,53,5,"EXTENSION ELECTRICA-ESTANDAR",,,2,"0.666666666666667",,,"Horas","0.17125","1.37"
"004754",,,53,5,"GUAYA PASA CABLE (ELECTRICISTA)",,,1,"0.333333333333333",,,"Horas","0.1","0.8"
"004535",,,53,5,"ARNES DE SEGURIDAD CON ESLINGA-CORPORAL",,,2,"0.666666666666667",,,"Horas","0.5",4
"013370",,,53,5,"JUEGO DE DADOS CUD 3/4 MM 19PZA",,,1,"0.333333333333333",,,"Horas","0.25",2
"008481",,,53,5,"JUEGO DE TARRAJA 1/2' A 1'",,,1,"0.333333333333333",,,"Horas","0.25",2
"015788",,,53,5,"JUEGO LLAVES COMBINADA COMBO MM/PULG 20PZA",,,1,"0.333333333333333",,,"Horas",125,1
"004747",,,53,5,"KIT DE HERRAMIENTAS ELECTRICIDAD",,,1,"0.333333333333333",,,"Horas","0.6875","5.5"
"008041",,,53,5,"LLAVE PARA TUBO 14 PULG",,,2,"0.666666666666667",,,"Horas","0.03125","0.25"
"004614",,,53,5,"MEGER-UT500",,,"0.5","0.166666666666667",,,"Horas",1875,15
"004632",,,53,5,"PINZA AMPERIMETRICA-UT200",,,1,"0.333333333333333",,,"Horas",625,5
"013614",,,53,5,"PRENSA BASE TRIPODE PARA TUBERIA",,,1,"0.333333333333333",,,"Horas","0.45875","3.67"
"004602",,,53,5,"SOLDADORA ELECTRICA-CD/DC 250",,,"0.5","0.166666666666667",,,"Horas",5125,41
"004670",,,53,5,"TALADRO-",,,1,"0.333333333333333",,,"Horas","0.1975","1.58"
"004680",,,53,5,"TRONZADORA -TRONZADORA 14'",,,1,"0.333333333333333",,,"Horas","0.5",4
"DH-JMT",,,53,5,"DOBLADORA HIDRÁULICA JMT",,,"0.1","3.33333333333333E-02",,,"Horas","3.90625","31.25"
"004755",,,53,5,"ESCALERA TIPO TIJERA",,,2,"0.666666666666667",,,"Horas","0.5",4
"004561",,,53,5,"ESMERIL  4.1/2´´-VARIOS",,,1,"0.333333333333333",,,"Horas","0.34375","2.75"
"55",,,34,2,"REALIZAR IINSTALACION DE PERNOS DE ACERO CON SOLDADURA ENTRE UNIONES DE TUBERIA Y BANDEJAS, PARA COLOCACION DE CONDUCTORES DE COBRE DESNUDOS PARA LA PUESTA A TIERRA DE TUBERIAS Y BANDEJAS ACOMETIDAS 4160 VAC",,,,1,"0.7",8,"UNIDAD",,
"001312",,,55,3,"DISCO DE DESBASTE DIAMETRO 4 1/2"" EJE 1/4"" ESP 7/8""",,,2,2,,,"Pza","3.4189",
"001357",,,55,3,"ELECTRODO E 6013 ARCO ELEC PARA AC DIAM 3/32 X L 350 MM",,,5,5,,,"kg","3.2817",
"001336",,,55,4,"ELECTRICISTA DE 1a",,,1,"11.4285716231988",,,"Horas","1.54","12.32"
"000767",,,55,4,"CAPATAZ",,,1,"11.4285716231988",,,"Horas","1.54","12.32"
"015246",,,55,4,"ELECTRICISTA DE II",,,2,"22.8571432463977",,,"Horas","1.5",12
"004570",,,55,5,"EXTENSION ELECTRICA-ESTANDAR",,,2,"22.8571432463977",,,"Horas","0.17125","1.37"
"004754",,,55,5,"GUAYA PASA CABLE (ELECTRICISTA)",,,1,"11.4285716231988",,,"Horas","0.1","0.8"
"004535",,,55,5,"ARNES DE SEGURIDAD CON ESLINGA-CORPORAL",,,2,"22.8571432463977",,,"Horas","0.5",4
"013370",,,55,5,"JUEGO DE DADOS CUD 3/4 MM 19PZA",,,1,"11.4285716231988",,,"Horas","0.25",2
"008481",,,55,5,"JUEGO DE TARRAJA 1/2' A 1'",,,1,"11.4285716231988",,,"Horas","0.25",2
"015788",,,55,5,"JUEGO LLAVES COMBINADA COMBO MM/PULG 20PZA",,,1,"11.4285716231988",,,"Horas",125,1
"004747",,,55,5,"KIT DE HERRAMIENTAS ELECTRICIDAD",,,1,"11.4285716231988",,,"Horas","0.6875","5.5"
"008041",,,55,5,"LLAVE PARA TUBO 14 PULG",,,2,"22.8571432463977",,,"Horas","0.03125","0.25"
"004614",,,55,5,"MEGER-UT500",,,"0.5","5.71428581159942",,,"Horas",1875,15
"004632",,,55,5,"PINZA AMPERIMETRICA-UT200",,,1,"11.4285716231988",,,"Horas",625,5
"013614",,,55,5,"PRENSA BASE TRIPODE PARA TUBERIA",,,1,"11.4285716231988",,,"Horas","0.45875","3.67"
"004602",,,55,5,"SOLDADORA ELECTRICA-CD/DC 250",,,"0.5","5.71428581159942",,,"Horas",5125,41
"004670",,,55,5,"TALADRO-",,,1,"11.4285716231988",,,"Horas","0.1975","1.58"
"004680",,,55,5,"TRONZADORA -TRONZADORA 14'",,,1,"11.4285716231988",,,"Horas","0.5",4
"DH-JMT",,,55,5,"DOBLADORA HIDRÁULICA JMT",,,"0.1","1.14285716231988",,,"Horas","3.90625","31.25"
"004755",,,55,5,"ESCALERA TIPO TIJERA",,,2,"22.8571432463977",,,"Horas","0.5",4
"004561",,,55,5,"ESMERIL  4.1/2´´-VARIOS",,,1,"11.4285716231988",,,"Horas","0.34375","2.75"
"56",,,34,2,"REALIZAR INSTALACION DE UN (01) MTS DE TUBERIA FLEXIBLE LIQUID TIGHT Ø 1/2""",,,,1,5,8,"ML",,
"001276",,,56,3,"DESENGRASANTE (LTS)",,,"0.8","0.8",,,"L",525,
"001768",,,56,3,"GUANTE DE LONA LARGO HOT-MILL LARGO 14"" REFORZADO COMPL",,,"1.2","1.2",,,"Par",5464,
"001844",,,56,3,"JABON EN POLVO (kg)",,,"0.8","0.8",,,"kg","11.7074",
"002212",,,56,3,"MASCARILLA KN 95",,,"1.2","1.2",,,"Pza",219,
"003546",,,56,3,"TRAPOS DE LIMPIEZA ( SACO)",,,"0.06","0.06",,,"Saco","30.0265",
"001336",,,56,4,"ELECTRICISTA DE 1a",,,1,"1.6",,,"Horas","1.54","12.32"
"000767",,,56,4,"CAPATAZ",,,1,"1.6",,,"Horas","1.54","12.32"
"015246",,,56,4,"ELECTRICISTA DE II",,,1,"1.6",,,"Horas","1.5",12
"004570",,,56,5,"EXTENSION ELECTRICA-ESTANDAR",,,2,"3.2",,,"Horas","0.17125","1.37"
"008266",,,56,5,"JUEGO DE DADOS CUD 1/2 PULG 23 PZA",,,1,"1.6",,,"Horas","0.25",2
"015788",,,56,5,"JUEGO LLAVES COMBINADA COMBO MM/PULG 20PZA",,,1,"1.6",,,"Horas",125,1
"004747",,,56,5,"KIT DE HERRAMIENTAS ELECTRICIDAD",,,1,"1.6",,,"Horas","0.6875","5.5"
"008041",,,56,5,"LLAVE PARA TUBO 14 PULG",,,2,"3.2",,,"Horas","0.03125","0.25"
"004561",,,56,5,"ESMERIL  4.1/2´´-VARIOS",,,1,"1.6",,,"Horas","0.34375","2.75"
"57",,,34,2,"REALIZAR INSTALACION DE TRES (03) MTS DE TUBERIA FLEXIBLE LIQUID TIGHT Ø 3/4""",,,,3,7,8,"ML",,
"001276",,,57,3,"DESENGRASANTE (LTS)",,,"0.8","0.8",,,"L",525,
"001768",,,57,3,"GUANTE DE LONA LARGO HOT-MILL LARGO 14"" REFORZADO COMPL",,,"1.2","1.2",,,"Par",5464,
"001844",,,57,3,"JABON EN POLVO (kg)",,,"0.8","0.8",,,"kg","11.7074",
"002212",,,57,3,"MASCARILLA KN 95",,,"1.2","1.2",,,"Pza",219,
"003546",,,57,3,"TRAPOS DE LIMPIEZA ( SACO)",,,"0.06","0.06",,,"Saco","30.0265",
"001336",,,57,4,"ELECTRICISTA DE 1a",,,1,"1.14285714285714",,,"Horas","1.54","12.32"
"000767",,,57,4,"CAPATAZ",,,1,"1.14285714285714",,,"Horas","1.54","12.32"
"015246",,,57,4,"ELECTRICISTA DE II",,,1,"1.14285714285714",,,"Horas","1.5",12
"004570",,,57,5,"EXTENSION ELECTRICA-ESTANDAR",,,2,"2.28571428571429",,,"Horas","0.17125","1.37"
"008266",,,57,5,"JUEGO DE DADOS CUD 1/2 PULG 23 PZA",,,1,"1.14285714285714",,,"Horas","0.25",2
"015788",,,57,5,"JUEGO LLAVES COMBINADA COMBO MM/PULG 20PZA",,,1,"1.14285714285714",,,"Horas",125,1
"004747",,,57,5,"KIT DE HERRAMIENTAS ELECTRICIDAD",,,1,"1.14285714285714",,,"Horas","0.6875","5.5"
"008041",,,57,5,"LLAVE PARA TUBO 14 PULG",,,2,"2.28571428571429",,,"Horas","0.03125","0.25"
"004561",,,57,5,"ESMERIL  4.1/2´´-VARIOS",,,1,"1.14285714285714",,,"Horas","0.34375","2.75"
"58",,,34,2,"REALIZAR INSTALACION DE DOS (02) MTS DE TUBERIA FLEXIBLE LIQUID TIGHT Ø 1""",,,,2,6,8,"ML",,
"001276",,,58,3,"DESENGRASANTE (LTS)",,,"0.8","0.8",,,"L",525,
"001768",,,58,3,"GUANTE DE LONA LARGO HOT-MILL LARGO 14"" REFORZADO COMPL",,,"1.2","1.2",,,"Par",5464,
"001844",,,58,3,"JABON EN POLVO (kg)",,,"0.8","0.8",,,"kg","11.7074",
"002212",,,58,3,"MASCARILLA KN 95",,,"1.2","1.2",,,"Pza",219,
"003546",,,58,3,"TRAPOS DE LIMPIEZA ( SACO)",,,"0.06","0.06",,,"Saco","30.0265",
"001336",,,58,4,"ELECTRICISTA DE 1a",,,1,"1.33333333333333",,,"Horas","1.54","12.32"
"000767",,,58,4,"CAPATAZ",,,1,"1.33333333333333",,,"Horas","1.54","12.32"
"015246",,,58,4,"ELECTRICISTA DE II",,,1,"1.33333333333333",,,"Horas","1.5",12
"004570",,,58,5,"EXTENSION ELECTRICA-ESTANDAR",,,2,"2.66666666666667",,,"Horas","0.17125","1.37"
"008266",,,58,5,"JUEGO DE DADOS CUD 1/2 PULG 23 PZA",,,1,"1.33333333333333",,,"Horas","0.25",2
"015788",,,58,5,"JUEGO LLAVES COMBINADA COMBO MM/PULG 20PZA",,,1,"1.33333333333333",,,"Horas",125,1
"004747",,,58,5,"KIT DE HERRAMIENTAS ELECTRICIDAD",,,1,"1.33333333333333",,,"Horas","0.6875","5.5"
"008041",,,58,5,"LLAVE PARA TUBO 14 PULG",,,2,"2.66666666666667",,,"Horas","0.03125","0.25"
"004561",,,58,5,"ESMERIL  4.1/2´´-VARIOS",,,1,"1.33333333333333",,,"Horas","0.34375","2.75"
"59",,,34,2,"REALIZAR INSTALACION DE CUATRO (04) MTS DE TUBERIA FLEXIBLE LIQUID TIGHT Ø 1 1/2""",,,,4,8,8,"ML",,
"001276",,,59,3,"DESENGRASANTE (LTS)",,,"0.8","0.8",,,"L",525,
"001768",,,59,3,"GUANTE DE LONA LARGO HOT-MILL LARGO 14"" REFORZADO COMPL",,,"1.2","1.2",,,"Par",5464,
"001844",,,59,3,"JABON EN POLVO (kg)",,,"0.8","0.8",,,"kg","11.7074",
"002212",,,59,3,"MASCARILLA KN 95",,,"1.2","1.2",,,"Pza",219,
"003546",,,59,3,"TRAPOS DE LIMPIEZA ( SACO)",,,"0.06","0.06",,,"Saco","30.0265",
"001336",,,59,4,"ELECTRICISTA DE 1a",,,1,1,,,"Horas","1.54","12.32"
"000767",,,59,4,"CAPATAZ",,,1,1,,,"Horas","1.54","12.32"
"015246",,,59,4,"ELECTRICISTA DE II",,,1,1,,,"Horas","1.5",12
"004570",,,59,5,"EXTENSION ELECTRICA-ESTANDAR",,,2,2,,,"Horas","0.17125","1.37"
"008266",,,59,5,"JUEGO DE DADOS CUD 1/2 PULG 23 PZA",,,1,1,,,"Horas","0.25",2
"015788",,,59,5,"JUEGO LLAVES COMBINADA COMBO MM/PULG 20PZA",,,1,1,,,"Horas",125,1
"004747",,,59,5,"KIT DE HERRAMIENTAS ELECTRICIDAD",,,1,1,,,"Horas","0.6875","5.5"
"008041",,,59,5,"LLAVE PARA TUBO 14 PULG",,,2,2,,,"Horas","0.03125","0.25"
"004561",,,59,5,"ESMERIL  4.1/2´´-VARIOS",,,1,1,,,"Horas","0.34375","2.75"
"60",,,34,2,"REALIZAR INSTALACIÓN DE SIETE (07) MTS DE TUBERÍA CONDUIT Ø 1"" PARA ACOMETIDAS AIRES ACONDICIONADOS",,,,7,15,8,"ML",,
"001276",,,60,3,"DESENGRASANTE (LTS)",,,"0.285714285714286","0.285714285714286",,,"L",525,
"001299",,,60,3,"DISCO DE CORTE D EXT 4 1/2"" ESP 1/8""",,,"0.285714285714286","0.285714285714286",,,"Pza","1.1513",
"001357",,,60,3,"ELECTRODO E 6013 ARCO ELEC PARA AC DIAM 3/32 X L 350 MM",,,"0.714285714285714","0.714285714285714",,,"kg","3.2817",
"001844",,,60,3,"JABON EN POLVO (kg)",,,"0.285714285714286","0.285714285714286",,,"kg","11.7074",
"002212",,,60,3,"MASCARILLA KN 95",,,"0.571428571428571","0.571428571428571",,,"Pza",219,
"003197",,,60,3,"THINNER ACRILICO",,,"0.285714285714286","0.285714285714286",,,"galon","11.9233",
"003546",,,60,3,"TRAPOS DE LIMPIEZA ( SACO)",,,"2.14285714285714E-02","2.14285714285714E-02",,,"Saco","30.0265",
"000544",,,60,3,"BROCHA 2"" MATERIAL MANGO PLASTICO CERDA NATURAL",,,"0.285714285714286","0.285714285714286",,,"Pza","0.8003",
"001336",,,60,4,"ELECTRICISTA DE 1a",,,1,"0.533333333333333",,,"Horas","1.54","12.32"
"000767",,,60,4,"CAPATAZ",,,1,"0.533333333333333",,,"Horas","1.54","12.32"
"015246",,,60,4,"ELECTRICISTA DE II",,,2,"1.06666666666667",,,"Horas","1.5",12
"004570",,,60,5,"EXTENSION ELECTRICA-ESTANDAR",,,2,"1.06666666666667",,,"Horas","0.17125","1.37"
"004754",,,60,5,"GUAYA PASA CABLE (ELECTRICISTA)",,,1,"0.533333333333333",,,"Horas","0.1","0.8"
"004535",,,60,5,"ARNES DE SEGURIDAD CON ESLINGA-CORPORAL",,,2,"1.06666666666667",,,"Horas","0.5",4
"013370",,,60,5,"JUEGO DE DADOS CUD 3/4 MM 19PZA",,,1,"0.533333333333333",,,"Horas","0.25",2
"008481",,,60,5,"JUEGO DE TARRAJA 1/2' A 1'",,,1,"0.533333333333333",,,"Horas","0.25",2
"015788",,,60,5,"JUEGO LLAVES COMBINADA COMBO MM/PULG 20PZA",,,1,"0.533333333333333",,,"Horas",125,1
"004747",,,60,5,"KIT DE HERRAMIENTAS ELECTRICIDAD",,,1,"0.533333333333333",,,"Horas","0.6875","5.5"
"008041",,,60,5,"LLAVE PARA TUBO 14 PULG",,,2,"1.06666666666667",,,"Horas","0.03125","0.25"
"004614",,,60,5,"MEGER-UT500",,,"0.5","0.266666666666667",,,"Horas",1875,15
"004632",,,60,5,"PINZA AMPERIMETRICA-UT200",,,1,"0.533333333333333",,,"Horas",625,5
"013614",,,60,5,"PRENSA BASE TRIPODE PARA TUBERIA",,,1,"0.533333333333333",,,"Horas","0.45875","3.67"
"004602",,,60,5,"SOLDADORA ELECTRICA-CD/DC 250",,,"0.5","0.266666666666667",,,"Horas",5125,41
"004670",,,60,5,"TALADRO-",,,1,"0.533333333333333",,,"Horas","0.1975","1.58"
"004680",,,60,5,"TRONZADORA -TRONZADORA 14'",,,1,"0.533333333333333",,,"Horas","0.5",4
"DH-JMT",,,60,5,"DOBLADORA HIDRÁULICA JMT",,,"0.1","5.33333333333333E-02",,,"Horas","3.90625","31.25"
"004755",,,60,5,"ESCALERA TIPO TIJERA",,,2,"1.06666666666667",,,"Horas","0.5",4
"004561",,,60,5,"ESMERIL  4.1/2´´-VARIOS",,,1,"0.533333333333333",,,"Horas","0.34375","2.75"
"62",,,34,2,"APLICACIÓN DE PINTURA EN TODAS LAS TUBERÍAS CONDUIT SEGÚN NORMA",,,,1,"0.7",8,"UNIDAD",,
"014615",,,62,3,"GUANTE DE NITRILLO CORTO (PAR)",,,3,3,,,"Par","1.1",
"002212",,,62,3,"MASCARILLA KN 95",,,3,3,,,"Pza",219,
"014538",,,62,3,"PINTURA MONTANA AV-2000 ESMALTE ALQUIDICO NEGRO MATE",,,1,1,,,"galon",68,
"002549",,,62,3,"PINTURA MONTANA AV-2000 ESMALTE ROJO RAL 3001",,,1,1,,,"galon",68,
"000544",,,62,3,"BROCHA 2"" MATERIAL MANGO PLASTICO CERDA NATURAL",,,4,4,,,"Pza","0.8003",
"001336",,,62,4,"ELECTRICISTA DE 1a",,,1,"11.4285716231988",,,"Horas","1.54","12.32"
"000767",,,62,4,"CAPATAZ",,,1,"11.4285716231988",,,"Horas","1.54","12.32"
"015246",,,62,4,"ELECTRICISTA DE II",,,1,"11.4285716231988",,,"Horas","1.5",12
"004570",,,62,5,"EXTENSION ELECTRICA-ESTANDAR",,,1,"11.4285716231988",,,"Horas","0.17125","1.37"
"004535",,,62,5,"ARNES DE SEGURIDAD CON ESLINGA-CORPORAL",,,2,"22.8571432463977",,,"Horas","0.5",4
"004746",,,62,5,"KIT DE HERRAMIENTAS MENORES",,,1,"11.4285716231988",,,"Horas","0.2625","2.1"
"004552",,,62,5,"COMPRESOR DE AIRE- ELECTRICO",,,1,"11.4285716231988",,,"Horas","0.75",6
"004558",,,62,5,"EQUIPO DE PINTURA ESTÁNDAR BAJA-PISTOLA DE CARGA POR SU",,,1,"11.4285716231988",,,"Horas",2,16
"004755",,,62,5,"ESCALERA TIPO TIJERA",,,2,"22.8571432463977",,,"Horas","0.5",4
"63",,,34,2,"REALIZAR INSTALACION DE SEIS (06) MTS DE CABLEADO ST 3X4 AWG - 600 VAC ALIMENTACION TABLERO NLAB DE ILUMINACION DE 12 CIRCUITOS EN LA CASETA",,,,6,20,8,"ML",,
"001276",,,63,3,"DESENGRASANTE (LTS)",,,"0.333333333333333","0.333333333333333",,,"L",525,
"001769",,,63,3,"GUANTE DE NITRILLO LARGO (PAR)",,,"0.666666666666667","0.666666666666667",,,"Unidades","1.6848",
"001844",,,63,3,"JABON EN POLVO (kg)",,,"0.333333333333333","0.333333333333333",,,"kg","11.7074",
"002212",,,63,3,"MASCARILLA KN 95",,,"0.666666666666667","0.666666666666667",,,"Pza",219,
"003546",,,63,3,"TRAPOS DE LIMPIEZA ( SACO)",,,25,25,,,"Saco","30.0265",
"001336",,,63,4,"ELECTRICISTA DE 1a",,,1,"0.4",,,"Horas","1.54","12.32"
"000767",,,63,4,"CAPATAZ",,,1,"0.4",,,"Horas","1.54","12.32"
"015246",,,63,4,"ELECTRICISTA DE II",,,2,"0.8",,,"Horas","1.5",12
"004754",,,63,5,"GUAYA PASA CABLE (ELECTRICISTA)",,,1,"0.4",,,"Horas","0.1","0.8"
"004535",,,63,5,"ARNES DE SEGURIDAD CON ESLINGA-CORPORAL",,,2,"0.8",,,"Horas","0.5",4
"004747",,,63,5,"KIT DE HERRAMIENTAS ELECTRICIDAD",,,1,"0.4",,,"Horas","0.6875","5.5"
"004614",,,63,5,"MEGER-UT500",,,1,"0.4",,,"Horas",1875,15
"004632",,,63,5,"PINZA AMPERIMETRICA-UT200",,,1,"0.4",,,"Horas",625,5
"004755",,,63,5,"ESCALERA TIPO TIJERA",,,2,"0.8",,,"Horas","0.5",4
"65",,,34,2,"REALIZAR INSTALACION DE DIEZ (10) LAMPARAS TIPO LED 500 W MULTIVOLTAJE PARA NUEVO SISTEMA DE ILUMINACION EN MOLINO N° 1 Y MOLINO N° 5",,,,10,6,8,"PZA",,
"001276",,,65,3,"DESENGRASANTE (LTS)",,,"0.2","0.2",,,"L",525,
"001769",,,65,3,"GUANTE DE NITRILLO LARGO (PAR)",,,"0.4","0.4",,,"Unidades","1.6848",
"001844",,,65,3,"JABON EN POLVO (kg)",,,"0.2","0.2",,,"kg","11.7074",
"002212",,,65,3,"MASCARILLA KN 95",,,"0.4","0.4",,,"Pza",219,
"003546",,,65,3,"TRAPOS DE LIMPIEZA ( SACO)",,,15,15,,,"Saco","30.0265",
"001336",,,65,4,"ELECTRICISTA DE 1a",,,1,"1.33333333333333",,,"Horas","1.54","12.32"
"000767",,,65,4,"CAPATAZ",,,1,"1.33333333333333",,,"Horas","1.54","12.32"
"015246",,,65,4,"ELECTRICISTA DE II",,,2,"2.66666666666667",,,"Horas","1.5",12
"004570",,,65,5,"EXTENSION ELECTRICA-ESTANDAR",,,2,"2.66666666666667",,,"Horas","0.17125","1.37"
"004754",,,65,5,"GUAYA PASA CABLE (ELECTRICISTA)",,,1,"1.33333333333333",,,"Horas","0.1","0.8"
"004535",,,65,5,"ARNES DE SEGURIDAD CON ESLINGA-CORPORAL",,,2,"2.66666666666667",,,"Horas","0.5",4
"013370",,,65,5,"JUEGO DE DADOS CUD 3/4 MM 19PZA",,,1,"1.33333333333333",,,"Horas","0.25",2
"008481",,,65,5,"JUEGO DE TARRAJA 1/2' A 1'",,,1,"1.33333333333333",,,"Horas","0.25",2
"015788",,,65,5,"JUEGO LLAVES COMBINADA COMBO MM/PULG 20PZA",,,1,"1.33333333333333",,,"Horas",125,1
"004747",,,65,5,"KIT DE HERRAMIENTAS ELECTRICIDAD",,,1,"1.33333333333333",,,"Horas","0.6875","5.5"
"008041",,,65,5,"LLAVE PARA TUBO 14 PULG",,,2,"2.66666666666667",,,"Horas","0.03125","0.25"
"004614",,,65,5,"MEGER-UT500",,,"0.5","0.666666666666667",,,"Horas",1875,15
"004632",,,65,5,"PINZA AMPERIMETRICA-UT200",,,1,"1.33333333333333",,,"Horas",625,5
"013614",,,65,5,"PRENSA BASE TRIPODE PARA TUBERIA",,,1,"1.33333333333333",,,"Horas","0.45875","3.67"
"004602",,,65,5,"SOLDADORA ELECTRICA-CD/DC 250",,,"0.5","0.666666666666667",,,"Horas",5125,41
"004670",,,65,5,"TALADRO-",,,1,"1.33333333333333",,,"Horas","0.1975","1.58"
"004680",,,65,5,"TRONZADORA -TRONZADORA 14'",,,1,"1.33333333333333",,,"Horas","0.5",4
"DH-JMT",,,65,5,"DOBLADORA HIDRÁULICA JMT",,,"0.1","0.133333333333333",,,"Horas","3.90625","31.25"
"004755",,,65,5,"ESCALERA TIPO TIJERA",,,2,"2.66666666666667",,,"Horas","0.5",4
"004561",,,65,5,"ESMERIL  4.1/2´´-VARIOS",,,1,"1.33333333333333",,,"Horas","0.34375","2.75"
"67",,,34,2,"REALIZAR INSTALACION DE DOS (02) BREAKERS TERMOMAGNETICO, 3 POLOS 480/600 V, 65 KA ICC, CAP 160 A INTERRUPTOR PRINCIPAL 460 VAC DEL SISTEMA DE LUBRICACION DEL REDUCTOR PLANETARIO",,,,2,2,8,"PZA",,
"001276",,,67,3,"DESENGRASANTE (LTS)",,,1,1,,,"L",525,
"001769",,,67,3,"GUANTE DE NITRILLO LARGO (PAR)",,,2,2,,,"Unidades","1.6848",
"001844",,,67,3,"JABON EN POLVO (kg)",,,1,1,,,"kg","11.7074",
"002212",,,67,3,"MASCARILLA KN 95",,,2,2,,,"Pza",219,
"003546",,,67,3,"TRAPOS DE LIMPIEZA ( SACO)",,,"0.1","0.1",,,"Saco","30.0265",
"001336",,,67,4,"ELECTRICISTA DE 1a",,,1,4,,,"Horas","1.54","12.32"
"000767",,,67,4,"CAPATAZ",,,1,4,,,"Horas","1.54","12.32"
"015246",,,67,4,"ELECTRICISTA DE II",,,2,8,,,"Horas","1.5",12
"004570",,,67,5,"EXTENSION ELECTRICA-ESTANDAR",,,2,8,,,"Horas","0.17125","1.37"
"004754",,,67,5,"GUAYA PASA CABLE (ELECTRICISTA)",,,1,4,,,"Horas","0.1","0.8"
"004535",,,67,5,"ARNES DE SEGURIDAD CON ESLINGA-CORPORAL",,,2,8,,,"Horas","0.5",4
"013370",,,67,5,"JUEGO DE DADOS CUD 3/4 MM 19PZA",,,1,4,,,"Horas","0.25",2
"008481",,,67,5,"JUEGO DE TARRAJA 1/2' A 1'",,,1,4,,,"Horas","0.25",2
"015788",,,67,5,"JUEGO LLAVES COMBINADA COMBO MM/PULG 20PZA",,,1,4,,,"Horas",125,1
"004747",,,67,5,"KIT DE HERRAMIENTAS ELECTRICIDAD",,,1,4,,,"Horas","0.6875","5.5"
"008041",,,67,5,"LLAVE PARA TUBO 14 PULG",,,2,8,,,"Horas","0.03125","0.25"
"004614",,,67,5,"MEGER-UT500",,,"0.5",2,,,"Horas",1875,15
"004632",,,67,5,"PINZA AMPERIMETRICA-UT200",,,1,4,,,"Horas",625,5
"013614",,,67,5,"PRENSA BASE TRIPODE PARA TUBERIA",,,1,4,,,"Horas","0.45875","3.67"
"004602",,,67,5,"SOLDADORA ELECTRICA-CD/DC 250",,,"0.5",2,,,"Horas",5125,41
"004670",,,67,5,"TALADRO-",,,1,4,,,"Horas","0.1975","1.58"
"004680",,,67,5,"TRONZADORA -TRONZADORA 14'",,,1,4,,,"Horas","0.5",4
"DH-JMT",,,67,5,"DOBLADORA HIDRÁULICA JMT",,,"0.1","0.4",,,"Horas","3.90625","31.25"
"004755",,,67,5,"ESCALERA TIPO TIJERA",,,2,8,,,"Horas","0.5",4
"004561",,,67,5,"ESMERIL  4.1/2´´-VARIOS",,,1,4,,,"Horas","0.34375","2.75"
"68",,,34,2,"REALIZAR INSTALACION DE UN (01) BREAKERS TERMOMAGNETICO, 3 POLOS 480/600 V, 65 KA ICC, CAP 160 A INTERRUPTOR PRINCIPAL 460 VAC EN SISTEMA DEL TRANSFORMADOR DE 75 KVA EN LA CASETA",,,,1,"1.3",8,"PZA",,
"001276",,,68,3,"DESENGRASANTE (LTS)",,,2,2,,,"L",525,
"001769",,,68,3,"GUANTE DE NITRILLO LARGO (PAR)",,,4,4,,,"Unidades","1.6848",
"001844",,,68,3,"JABON EN POLVO (kg)",,,2,2,,,"kg","11.7074",
"002212",,,68,3,"MASCARILLA KN 95",,,4,4,,,"Pza",219,
"003546",,,68,3,"TRAPOS DE LIMPIEZA ( SACO)",,,"0.15","0.15",,,"Saco","30.0265",
"001336",,,68,4,"ELECTRICISTA DE 1a",,,1,"6.15384637956789",,,"Horas","1.54","12.32"
"000767",,,68,4,"CAPATAZ",,,1,"6.15384637956789",,,"Horas","1.54","12.32"
"015246",,,68,4,"ELECTRICISTA DE II",,,2,"12.3076927591358",,,"Horas","1.5",12
"004570",,,68,5,"EXTENSION ELECTRICA-ESTANDAR",,,2,"12.3076927591358",,,"Horas","0.17125","1.37"
"004754",,,68,5,"GUAYA PASA CABLE (ELECTRICISTA)",,,1,"6.15384637956789",,,"Horas","0.1","0.8"
"004535",,,68,5,"ARNES DE SEGURIDAD CON ESLINGA-CORPORAL",,,2,"12.3076927591358",,,"Horas","0.5",4
"013370",,,68,5,"JUEGO DE DADOS CUD 3/4 MM 19PZA",,,1,"6.15384637956789",,,"Horas","0.25",2
"008481",,,68,5,"JUEGO DE TARRAJA 1/2' A 1'",,,1,"6.15384637956789",,,"Horas","0.25",2
"015788",,,68,5,"JUEGO LLAVES COMBINADA COMBO MM/PULG 20PZA",,,1,"6.15384637956789",,,"Horas",125,1
"004747",,,68,5,"KIT DE HERRAMIENTAS ELECTRICIDAD",,,1,"6.15384637956789",,,"Horas","0.6875","5.5"
"008041",,,68,5,"LLAVE PARA TUBO 14 PULG",,,2,"12.3076927591358",,,"Horas","0.03125","0.25"
"004614",,,68,5,"MEGER-UT500",,,"0.5","3.07692318978395",,,"Horas",1875,15
"004632",,,68,5,"PINZA AMPERIMETRICA-UT200",,,1,"6.15384637956789",,,"Horas",625,5
"013614",,,68,5,"PRENSA BASE TRIPODE PARA TUBERIA",,,1,"6.15384637956789",,,"Horas","0.45875","3.67"
"004602",,,68,5,"SOLDADORA ELECTRICA-CD/DC 250",,,"0.5","3.07692318978395",,,"Horas",5125,41
"004670",,,68,5,"TALADRO-",,,1,"6.15384637956789",,,"Horas","0.1975","1.58"
"004680",,,68,5,"TRONZADORA -TRONZADORA 14'",,,1,"6.15384637956789",,,"Horas","0.5",4
"DH-JMT",,,68,5,"DOBLADORA HIDRÁULICA JMT",,,"0.1","0.615384637956789",,,"Horas","3.90625","31.25"
"004755",,,68,5,"ESCALERA TIPO TIJERA",,,2,"12.3076927591358",,,"Horas","0.5",4
"004561",,,68,5,"ESMERIL  4.1/2´´-VARIOS",,,1,"6.15384637956789",,,"Horas","0.34375","2.75"
"69",,,34,2,"FABRICACION Y MONTAJE DE UNA (02) CAJA DE PASO 60X60X30 CM ENTRADA ACOMETIDA 5 KV EN CASETA",,,,2,"0.7",8,"PZA",,
"001299",,,69,3,"DISCO DE CORTE D EXT 4 1/2"" ESP 1/8""",,,4,4,,,"Pza","1.1513",
"001310",,,69,3,"DISCO DE CORTE PARA TRONZADORA DIAMETRO 14 PLG",,,"0.5","0.5",,,"Pza","5.6516",
"001357",,,69,3,"ELECTRODO E 6013 ARCO ELEC PARA AC DIAM 3/32 X L 350 MM",,,5,5,,,"kg","3.2817",
"001765",,,69,3,"GUANTE DE HILO CON PVC (PAR)",,,2,2,,,"Par","0.3781",
"002212",,,69,3,"MASCARILLA KN 95",,,2,2,,,"Pza",219,
"002246",,,69,3,"MECHA CILINDRICA H.S.S PARA ACERO DIAMETRO 3/8""",,,2,2,,,"Pza","5.0499",
"002250",,,69,3,"MECHA CILINDRICA H.S.S PARA ACERO DIAMETRO 9 MM",,,2,2,,,"Pza",18,
"002251",,,69,3,"MECHA CILINDRICA H.S.S PARA ACERO DIAMETRO HSS 1/2""",,,2,2,,,"Pza","6.95",
"001336",,,69,4,"ELECTRICISTA DE 1a",,,1,"11.4285716231988",,,"Horas","1.54","12.32"
"000767",,,69,4,"CAPATAZ",,,1,"11.4285716231988",,,"Horas","1.54","12.32"
"015246",,,69,4,"ELECTRICISTA DE II",,,2,"22.8571432463977",,,"Horas","1.5",12
"004570",,,69,5,"EXTENSION ELECTRICA-ESTANDAR",,,2,"22.8571432463977",,,"Horas","0.17125","1.37"
"004754",,,69,5,"GUAYA PASA CABLE (ELECTRICISTA)",,,1,"11.4285716231988",,,"Horas","0.1","0.8"
"004535",,,69,5,"ARNES DE SEGURIDAD CON ESLINGA-CORPORAL",,,2,"22.8571432463977",,,"Horas","0.5",4
"013370",,,69,5,"JUEGO DE DADOS CUD 3/4 MM 19PZA",,,1,"11.4285716231988",,,"Horas","0.25",2
"008481",,,69,5,"JUEGO DE TARRAJA 1/2' A 1'",,,1,"11.4285716231988",,,"Horas","0.25",2
"015788",,,69,5,"JUEGO LLAVES COMBINADA COMBO MM/PULG 20PZA",,,1,"11.4285716231988",,,"Horas",125,1
"004747",,,69,5,"KIT DE HERRAMIENTAS ELECTRICIDAD",,,1,"11.4285716231988",,,"Horas","0.6875","5.5"
"008041",,,69,5,"LLAVE PARA TUBO 14 PULG",,,2,"22.8571432463977",,,"Horas","0.03125","0.25"
"004614",,,69,5,"MEGER-UT500",,,"0.5","5.71428581159942",,,"Horas",1875,15
"004632",,,69,5,"PINZA AMPERIMETRICA-UT200",,,1,"11.4285716231988",,,"Horas",625,5
"013614",,,69,5,"PRENSA BASE TRIPODE PARA TUBERIA",,,1,"11.4285716231988",,,"Horas","0.45875","3.67"
"004602",,,69,5,"SOLDADORA ELECTRICA-CD/DC 250",,,"0.5","5.71428581159942",,,"Horas",5125,41
"004670",,,69,5,"TALADRO-",,,1,"11.4285716231988",,,"Horas","0.1975","1.58"
"004680",,,69,5,"TRONZADORA -TRONZADORA 14'",,,1,"11.4285716231988",,,"Horas","0.5",4
"DH-JMT",,,69,5,"DOBLADORA HIDRÁULICA JMT",,,"0.1","1.14285716231988",,,"Horas","3.90625","31.25"
"004755",,,69,5,"ESCALERA TIPO TIJERA",,,2,"22.8571432463977",,,"Horas","0.5",4
"004561",,,69,5,"ESMERIL  4.1/2´´-VARIOS",,,1,"11.4285716231988",,,"Horas","0.34375","2.75"
"70",,,34,2,"ARREGLO DE BARRA CONEXION EN CELDA, INCLUYE, ADECUACION METALMECANICA DE LA CELDA",,,,1,"0.4",8,"UNIDAD",,
"001276",,,70,3,"DESENGRASANTE (LTS)",,,2,2,,,"L",525,
"001299",,,70,3,"DISCO DE CORTE D EXT 4 1/2"" ESP 1/8""",,,4,4,,,"Pza","1.1513",
"001310",,,70,3,"DISCO DE CORTE PARA TRONZADORA DIAMETRO 14 PLG",,,1,1,,,"Pza","5.6516",
"001357",,,70,3,"ELECTRODO E 6013 ARCO ELEC PARA AC DIAM 3/32 X L 350 MM",,,5,5,,,"kg","3.2817",
"001769",,,70,3,"GUANTE DE NITRILLO LARGO (PAR)",,,4,4,,,"Unidades","1.6848",
"002212",,,70,3,"MASCARILLA KN 95",,,4,4,,,"Pza",219,
"002246",,,70,3,"MECHA CILINDRICA H.S.S PARA ACERO DIAMETRO 3/8""",,,4,4,,,"Pza","5.0499",
"002250",,,70,3,"MECHA CILINDRICA H.S.S PARA ACERO DIAMETRO 9 MM",,,4,4,,,"Pza",18,
"002251",,,70,3,"MECHA CILINDRICA H.S.S PARA ACERO DIAMETRO HSS 1/2""",,,4,4,,,"Pza","6.95",
"003197",,,70,3,"THINNER ACRILICO",,,2,2,,,"galon","11.9233",
"003546",,,70,3,"TRAPOS DE LIMPIEZA ( SACO)",,,"0.15","0.15",,,"Saco","30.0265",
"000544",,,70,3,"BROCHA 2"" MATERIAL MANGO PLASTICO CERDA NATURAL",,,2,2,,,"Pza","0.8003",
"001336",,,70,4,"ELECTRICISTA DE 1a",,,1,"19.9999997019768",,,"Horas","1.54","12.32"
"000767",,,70,4,"CAPATAZ",,,1,"19.9999997019768",,,"Horas","1.54","12.32"
"015246",,,70,4,"ELECTRICISTA DE II",,,2,"39.9999994039536",,,"Horas","1.5",12
"004570",,,70,5,"EXTENSION ELECTRICA-ESTANDAR",,,2,"39.9999994039536",,,"Horas","0.17125","1.37"
"004754",,,70,5,"GUAYA PASA CABLE (ELECTRICISTA)",,,1,"19.9999997019768",,,"Horas","0.1","0.8"
"004535",,,70,5,"ARNES DE SEGURIDAD CON ESLINGA-CORPORAL",,,2,"39.9999994039536",,,"Horas","0.5",4
"013370",,,70,5,"JUEGO DE DADOS CUD 3/4 MM 19PZA",,,1,"19.9999997019768",,,"Horas","0.25",2
"008481",,,70,5,"JUEGO DE TARRAJA 1/2' A 1'",,,1,"19.9999997019768",,,"Horas","0.25",2
"015788",,,70,5,"JUEGO LLAVES COMBINADA COMBO MM/PULG 20PZA",,,1,"19.9999997019768",,,"Horas",125,1
"004747",,,70,5,"KIT DE HERRAMIENTAS ELECTRICIDAD",,,1,"19.9999997019768",,,"Horas","0.6875","5.5"
"008041",,,70,5,"LLAVE PARA TUBO 14 PULG",,,2,"39.9999994039536",,,"Horas","0.03125","0.25"
"004614",,,70,5,"MEGER-UT500",,,"0.5","9.99999985098839",,,"Horas",1875,15
"004632",,,70,5,"PINZA AMPERIMETRICA-UT200",,,1,"19.9999997019768",,,"Horas",625,5
"013614",,,70,5,"PRENSA BASE TRIPODE PARA TUBERIA",,,1,"19.9999997019768",,,"Horas","0.45875","3.67"
"004602",,,70,5,"SOLDADORA ELECTRICA-CD/DC 250",,,"0.5","9.99999985098839",,,"Horas",5125,41
"004670",,,70,5,"TALADRO-",,,1,"19.9999997019768",,,"Horas","0.1975","1.58"
"004680",,,70,5,"TRONZADORA -TRONZADORA 14'",,,1,"19.9999997019768",,,"Horas","0.5",4
"DH-JMT",,,70,5,"DOBLADORA HIDRÁULICA JMT",,,"0.1","1.99999997019768",,,"Horas","3.90625","31.25"
"004755",,,70,5,"ESCALERA TIPO TIJERA",,,2,"39.9999994039536",,,"Horas","0.5",4
"004561",,,70,5,"ESMERIL  4.1/2´´-VARIOS",,,1,"19.9999997019768",,,"Horas","0.34375","2.75"
