code,group,sub_group,parent,type,name,url,provider,available,quantity,performance,hours_day,uom_id,price,day_price
3,,,,1,"LEVANTAMIENTO TOPOGRÁFICO DE 170 M2 PARA NIVELES DE DRENAJE DE SISTEMA DE RECOLECCIÓN Y DESCARGA DE AGUAS DE LLUVIA DE PATIO CENTRAL DE BATERÍA DE SILOS
DE ALMACENAMIENTO DE FRIJOL DE SOJA.INCLUYE; PLANIMETRIA, ALTIMETRIA, TOPOGRAFIA Y MODIFICADA.",,,,,,,,,
3.1,,,3,2,"LEVANTAMIENTO TOPOGRÁFICO EN AREA INDUSTRIAL PARA ESTUDIO DE DRENAJE. ZONA DE INTERÉS: PATIO INTERNO DE SILOS(PENDIENTE DE LOSAS, NIVELES DE FUNDACIONES, DRENAJES), TERRENOS Y TANQUILLAS HACIA CALLE ESTE, AREA TRIBUTARIA A SUMIDEROS DE REJAS EN ZONA DE RE",,,,1,1,8,UND,,
002951,,,3.1,3,LEVANTAMIENTO TOPOGRÁFICO PLANIALTIMÉTRICO EN ÁREA INDU,,,1,1,,,Unidades,950,
3.2,,,3,2,"PROYECTO DE INSTALACIONES SANITARIAS EN AREA INDUSTRIAL.
VERIFICACIÓN DE CAPACIDAD DE DESCARGA EN TUBERÍAS EXISTENTES ( DRENAJE VIAL, PATIO SILOS), DISEÑO DE RECOLECCIÓN DE AGUAS RESIDUALES (TANQUE SÉPTICO) .",,,,1,1,8,UND,,
002951,,,3.2,3,PROYECTO DE INSTALACIONES SANITARIAS EN AREA INDUSTRIAL,,,1,1,,,Unidades,600,
5,,,,1,"CORTE, DEMOLICIÓN, EXCAVACIÓN, RELLENO Y VACIADO DE 15,50 M DE LOSA DE PISO; PARA MODIFICACIÓN DE NIVELES DE TUBERÍA DE DESCARGA DE TANQUILLA DE REGISTRO DE RECOLECCIÓN DE AGUAS DE LLUVIA. 
INCLUYE SUMINISTRO Y COLOCACIÓN DE TUBERÍA PVC 8"". ANCHO 50 CM",,,,,,,,,
5.1,,,5,2,CORTE DE PAVIMENTO DE CONCRETO CON USO DE CORTADORA.,,,,14,56,8,ML,,
001300,,,5.1,3,DISCO DE CORTE DE CONCRETO DIAMANTADO DIAMETRO  14 PLG,,,7.14285714285714E-02,7.14285714285714E-02,,,Pza,29.9823,
001721,,,5.1,3,GASOLINA (LTS),,,0.357142857142857,0.357142857142857,,,L,0.5,
000307,,,5.1,4,AYUDANTE,,,1,0.142857142857143,,,Horas,1.19125,9.53
003014,,,5.1,4,SUPERVISOR DE SEGURIDAD,,,0.25,3.57142857142857E-02,,,Horas,2.49625,19.97
000767,,,5.1,4,CAPATAZ,,,0.5,7.14285714285714E-02,,,Horas,2.2075,17.66
002343,,,5.1,4,OPERADOR ,,,1.5,0.214285714285714,,,Horas,1.6425,13.14
013405,,,5.1,5,CORTADORA DE CONCRETO MC 500,,,1,0.142857142857143,,,Horas,2.5,20
5.2,,,5,2,"DEMOLICIÓN DE ELEMENTOS DE CONCRETO CON EQUIPO PESADO.
INCLUYE TANQUILLA EXISTENTE Y LOSA",,,,2.1,2.1,8,M3,,
000307,,,5.2,4,AYUDANTE,,,4,15.2380959301038,,,Horas,1.19125,9.53
003014,,,5.2,4,SUPERVISOR DE SEGURIDAD,,,0.25,0.95238099563149,,,Horas,2.49625,19.97
000767,,,5.2,4,CAPATAZ,,,0.5,1.90476199126298,,,Horas,2.2075,17.66
007963,,,5.2,5,BARRA DE ALBAÑILERIA,,,2,7.61904796505192,,,Horas,0.125,1
004610,,,5.2,5,MARTILLO DEMOLEDOR ELECTRICO,,,1,3.80952398252596,,,Horas,4.25,34
004741,,,5.2,5,PALA RECTANGULAR ALBAÑILERIA,,,4,15.2380959301038,,,Horas,0.11625,0.93
008054,,,5.2,5,PICO DE ALBAÑILERIA,,,1,3.80952398252596,,,Horas,0.0625,0.5
004736,,,5.2,5,CARRETILLA DE ALBAÑILERIA,,,1,3.80952398252596,,,Horas,0.15625,1.25
5.3,,,5,2,EXCAVACION DE TIERRA CON USO DE EQUIPO RETROEXCAVADOR PARA ZANJAS. INCLUYE REPERFILAMIENTO A MANO,,,,14,28,8,M3,,
000307,,,5.3,4,AYUDANTE,,,4,1.14285714285714,,,Horas,1.19125,9.53
003014,,,5.3,4,SUPERVISOR DE SEGURIDAD,,,0.25,7.14285714285714E-02,,,Horas,2.49625,19.97
000767,,,5.3,4,CAPATAZ,,,0.5,0.142857142857143,,,Horas,2.2075,17.66
007963,,,5.3,5,BARRA DE ALBAÑILERIA,,,2,0.571428571428571,,,Horas,0.125,1
004741,,,5.3,5,PALA RECTANGULAR ALBAÑILERIA,,,4,1.14285714285714,,,Horas,0.11625,0.93
008054,,,5.3,5,PICO DE ALBAÑILERIA,,,1,0.285714285714286,,,Horas,0.0625,0.5
004736,,,5.3,5,CARRETILLA DE ALBAÑILERIA,,,1,0.285714285714286,,,Horas,0.15625,1.25
5.4,,,5,2,"SUMINISTRO TRANSPORTE Y COLOCACIÒN DE TUBERIA DE AGUAS RESIDUALES, PVC, DIAMETRO 8 plg (203 mm), e=4.0 mm AMBIENTE EXTERIOR AL RECINTO SANITARIO. INCLUYE CONEXIONES.",,,,8,16,8,ML,,
000307,,,5.4,4,AYUDANTE,,,3,1.5,,,Horas,1.19125,9.53
000125,,,5.4,4,ALBAÑIL DE 1a,,,1,0.5,,,Horas,1.56875,12.55
003014,,,5.4,4,SUPERVISOR DE SEGURIDAD,,,0.25,0.125,,,Horas,2.49625,19.97
000767,,,5.4,4,CAPATAZ,,,0.5,0.25,,,Horas,2.2075,17.66
5.5,,,5,2,"SUMINISTRO, COLOCACIÓN Y COMPACTACIÓN MANUAL DE RELLENO CON GRANZON NATURAL.",,,,14,14,8,M3,,
000307,,,5.5,4,AYUDANTE,,,4,2.28571428571429,,,Horas,1.19125,9.53
003014,,,5.5,4,SUPERVISOR DE SEGURIDAD,,,0.25,0.142857142857143,,,Horas,2.49625,19.97
000767,,,5.5,4,CAPATAZ,,,0.5,0.285714285714286,,,Horas,2.2075,17.66
007963,,,5.5,5,BARRA DE ALBAÑILERIA,,,2,1.14285714285714,,,Horas,0.125,1
004741,,,5.5,5,PALA RECTANGULAR ALBAÑILERIA,,,4,2.28571428571429,,,Horas,0.11625,0.93
008054,,,5.5,5,PICO DE ALBAÑILERIA,,,1,0.571428571428571,,,Horas,0.0625,0.5
004736,,,5.5,5,CARRETILLA DE ALBAÑILERIA,,,1,0.571428571428571,,,Horas,0.15625,1.25
5.6,,,5,2,CONSTRUCCION DE BASE DE PIEDRA PICADA #1 PARA ASIENTO DE FUNDACIONES Y LOSA DE PISO.,,,,0.35,3,8,M3,,
008006,,,5.6,3,PIEDRA PICADA M3,,,1,1,,,M3,35,
000307,,,5.6,4,AYUDANTE,,,4,10.6666666666667,,,Horas,1.19125,9.53
003014,,,5.6,4,SUPERVISOR DE SEGURIDAD,,,0.25,0.666666666666667,,,Horas,2.49625,19.97
000767,,,5.6,4,CAPATAZ,,,0.5,1.33333333333333,,,Horas,2.2075,17.66
004741,,,5.6,5,PALA RECTANGULAR ALBAÑILERIA,,,2,5.33333333333333,,,Horas,0.11625,0.93
004736,,,5.6,5,CARRETILLA DE ALBAÑILERIA,,,1,2.66666666666667,,,Horas,0.15625,1.25
5.7,,,5,2,"SUMINISTRO, PREPARACION Y COLOCACION DE ACERO DE REFUERZO Fy 4200 kgf/cm2, UTILIZANDO CABILLA No.3 A No.7, PARA LA CONSTRUCCION DE FUNDACIONES Y TANQUILLAS .",,,,30,60,8,KG,,
000120,,,5.7,3,ALAMBRE LISO CAL 17 (kg),,,3.33333333333333E-02,3.33333333333333E-02,,,kg,2.3338,
001299,,,5.7,3,"DISCO DE CORTE D EXT 4 1/2"" ESP 1/8""",,,6.66666666666667E-02,6.66666666666667E-02,,,Pza,1.1513,
000573,,,5.7,3,CABILLA ESTRIADA AC REDONDA DIAMETRO 1/2 PLG LONG 6 M A,,,0.166666666666667,0.166666666666667,,,Pza,7.1856,
000307,,,5.7,4,AYUDANTE,,,3,0.4,,,Horas,1.19125,9.53
000125,,,5.7,4,ALBAÑIL DE 1a,,,1,0.133333333333333,,,Horas,1.56875,12.55
003014,,,5.7,4,SUPERVISOR DE SEGURIDAD,,,0.25,3.33333333333333E-02,,,Horas,2.49625,19.97
000767,,,5.7,4,CAPATAZ,,,0.5,6.66666666666667E-02,,,Horas,2.2075,17.66
004570,,,5.7,5,EXTENSION ELECTRICA-ESTANDAR,,,2,0.266666666666667,,,Horas,0.17125,1.37
004740,,,5.7,5,"TENAZA 8""",,,2,0.266666666666667,,,Horas,0.02375,0.19
013820,,,5.7,5,"CIZALLA MANUAL 24""",,,1,0.133333333333333,,,Horas,0.125,1
004561,,,5.7,5,ESMERIL  4.1/2´´-VARIOS,,,1,0.133333333333333,,,Horas,0.34375,2.75
5.8,,,5,2,"ENCOFRADO DE MADERA TIPO RECTO, ACABADO CORRIENTE CORRESPONDIENTE A TANQUILLA.",,,,5,5,8,M2,,
000954,,,5.8,3,CLAVO ACERO 2 PLG LISO PUNTA AZUL,,,0.151515151515151,0.151515151515151,,,kg,9.0418,
000957,,,5.8,3,CLAVO ACERO P/MADERA 2 1/2 X 10 PLG,,,0.246212121212121,0.246212121212121,,,kg,3.4259,
000120,,,5.8,3,ALAMBRE LISO CAL 17 (kg),,,0.227272727272727,0.227272727272727,,,kg,2.3338,
001308,,,5.8,3,"DISCO DE CORTE PARA MADERA DIAMETRO 7""",,,0.227272727272727,0.227272727272727,,,Pza,5.25,
002090,,,5.8,3,LISTON DE MADERA (MTS),,,1.38636363636364,1.38636363636364,,,m,1.4925,
016460,,,5.8,3,TABLA DE MADERA 3.00X0.20,,,1.43939393939394,1.43939393939394,,,PZA,16.67,
000577,,,5.8,3,CABILLA ESTRIADA AC REDONDA DIAMETRO 3/8 PLG LONG 6 M A,,,0.151515151515151,0.151515151515151,,,Pza,5.0357,
000307,,,5.8,4,AYUDANTE,,,3,4.8,,,Horas,1.19125,9.53
003014,,,5.8,4,SUPERVISOR DE SEGURIDAD,,,0.25,0.4,,,Horas,2.49625,19.97
000767,,,5.8,4,CAPATAZ,,,1,1.6,,,Horas,2.2075,17.66
012040,,,5.8,4,CARPINTERO DE 1a,,,1,1.6,,,Horas,1.56875,12.55
004570,,,5.8,5,EXTENSION ELECTRICA-ESTANDAR,,,1,1.6,,,Horas,0.17125,1.37
004735,,,5.8,5,MARTILLO CARPINTERO,,,1,1.6,,,Horas,0.0225,0.18
011544,,,5.8,5,SERRUCHO,,,1,1.6,,,Horas,0.025,0.2
TA-023,,,5.8,5,SIERRA CINTA CIRCULAR SABI,,,1,1.6,,,Horas,0.235,1.88
004740,,,5.8,5,"TENAZA 8""",,,1,1.6,,,Horas,0.02375,0.19
5.9,,,5,2,"SUMINISTRO,TRANSPORTE Y COLOCACIÓN DE CONCRETO f´c 250 PARA CONSTRUCCIÓN DE TANQUILLA DE DRENAJE.",,,,0.7,3,8,M3,,
000821,,,5.9,3,"CEMENTO GRIS (SACO DE 42,5 kg)",,,9.62962962962963,9.62962962962963,,,Saco,20,
008006,,,5.9,3,PIEDRA PICADA M3,,,0.666666666666667,0.666666666666667,,,M3,35,
007865,,,5.9,3,ARENA LAVADA M3,,,0.62962962962963,0.62962962962963,,,M3,35,
000307,,,5.9,4,AYUDANTE,,,3,8,,,Horas,1.19125,9.53
000125,,,5.9,4,ALBAÑIL DE 1a,,,1,2.66666666666667,,,Horas,1.56875,12.55
003014,,,5.9,4,SUPERVISOR DE SEGURIDAD,,,0.25,0.666666666666667,,,Horas,2.49625,19.97
000767,,,5.9,4,CAPATAZ,,,0.5,1.33333333333333,,,Horas,2.2075,17.66
004741,,,5.9,5,PALA RECTANGULAR ALBAÑILERIA,,,4,10.6666666666667,,,Horas,0.11625,0.93
004736,,,5.9,5,CARRETILLA DE ALBAÑILERIA,,,1,2.66666666666667,,,Horas,0.15625,1.25
008479,,,5.9,5,CEPILLO DE ALBAÑILERIA,,,1,2.66666666666667,,,Horas,0.0625,0.5
008138,,,5.9,5,TOBO DE ALBAÑILERIA,,,2,5.33333333333333,,,Horas,0.01875,0.15
004728,,,5.9,5,TROMPO MEZCLADOR DE CONCRETO,,,1,2.66666666666667,,,Horas,4.375,35
004730,,,5.9,5,VIBRADOR DE CONCRETO CON MANGUERA,,,1,2.66666666666667,,,Horas,1.875,15
5.10,,,5,2,"SUMINISTRO, TRANSPORTE Y COLOCACION DE TAPA DE REJA PARA
TANQUILLA. INCLUYE APLICACIÓN DE FONDO Y PINTURA.",,,,30,60,8,KG,,
001532,,,5.10,4,FABRICADOR 1RA,,,0.5,6.66666666666667E-02,,,Horas,1.6425,13.14
000307,,,5.10,4,AYUDANTE,,,2,0.266666666666667,,,Horas,1.19125,9.53
003014,,,5.10,4,SUPERVISOR DE SEGURIDAD,,,0.25,3.33333333333333E-02,,,Horas,2.49625,19.97
000767,,,5.10,4,CAPATAZ,,,0.5,6.66666666666667E-02,,,Horas,2.2075,17.66
002998,,,5.10,4,SOLDADOR DE 1ERA,,,0.5,6.66666666666667E-02,,,Horas,1.56875,12.55
011960,,,5.10,5,EXTENSION ELECTRICA 220V,,,2,0.266666666666667,,,Horas,0.29375,2.35
004570,,,5.10,5,EXTENSION ELECTRICA-ESTANDAR,,,2,0.266666666666667,,,Horas,0.17125,1.37
004658,,,5.10,5,SOLDADORA ELECTRICA-450 DC,,,1,0.133333333333333,,,Horas,5.125,41
004561,,,5.10,5,ESMERIL  4.1/2´´-VARIOS,,,1,0.133333333333333,,,Horas,0.34375,2.75
5.11,,,5,2,"SUMINISTRO, PREPARACION Y COLOCACION DE ACERO DE REFUERZO Fy 4200 kgf/cm2, UTILIZANDO MALLA ELECTROSOLDADA PARA LOSA DE PISO",,,,14,28,8,KG,,
000120,,,5.11,3,ALAMBRE LISO CAL 17 (kg),,,3.57142857142857E-02,3.57142857142857E-02,,,kg,2.3338,
002126,,,5.11,3,MALLA TRUCKSON 6 X 6 X 100 m (Rollo),,,1.78571428571429E-02,1.78571428571429E-02,,,Rollo,98.2443,
000307,,,5.11,4,AYUDANTE,,,3,0.857142857142857,,,Horas,1.19125,9.53
000125,,,5.11,4,ALBAÑIL DE 1a,,,1,0.285714285714286,,,Horas,1.56875,12.55
003014,,,5.11,4,SUPERVISOR DE SEGURIDAD,,,0.25,7.14285714285714E-02,,,Horas,2.49625,19.97
000767,,,5.11,4,CAPATAZ,,,0.5,0.142857142857143,,,Horas,2.2075,17.66
004740,,,5.11,5,"TENAZA 8""",,,1,0.285714285714286,,,Horas,0.02375,0.19
008268,,,5.11,5,CINTA METRICA 8MTS,,,1,0.285714285714286,,,Horas,0.0625,0.5
013820,,,5.11,5,"CIZALLA MANUAL 24""",,,1,0.285714285714286,,,Horas,0.125,1
5.12,,,5,2,"SUMINISTRO TRANSPORTE DE CONCRETO VACIADO EN SITIO   DE fC= 250 KGF/CM2 A LOS 28 DIAS, EN  LOSA DE PISO.",,,,1.3,3,8,M3,,
000821,,,5.12,3,"CEMENTO GRIS (SACO DE 42,5 kg)",,,9.62962962962963,9.62962962962963,,,Saco,20,
008006,,,5.12,3,PIEDRA PICADA M3,,,0.666666666666667,0.666666666666667,,,M3,35,
007865,,,5.12,3,ARENA LAVADA M3,,,0.62962962962963,0.62962962962963,,,M3,35,
000307,,,5.12,4,AYUDANTE,,,3,8,,,Horas,1.19125,9.53
000125,,,5.12,4,ALBAÑIL DE 1a,,,1,2.66666666666667,,,Horas,1.56875,12.55
003014,,,5.12,4,SUPERVISOR DE SEGURIDAD,,,0.25,0.666666666666667,,,Horas,2.49625,19.97
000767,,,5.12,4,CAPATAZ,,,0.5,1.33333333333333,,,Horas,2.2075,17.66
004741,,,5.12,5,PALA RECTANGULAR ALBAÑILERIA,,,4,10.6666666666667,,,Horas,0.11625,0.93
004736,,,5.12,5,CARRETILLA DE ALBAÑILERIA,,,1,2.66666666666667,,,Horas,0.15625,1.25
008479,,,5.12,5,CEPILLO DE ALBAÑILERIA,,,1,2.66666666666667,,,Horas,0.0625,0.5
008138,,,5.12,5,TOBO DE ALBAÑILERIA,,,2,5.33333333333333,,,Horas,0.01875,0.15
004728,,,5.12,5,TROMPO MEZCLADOR DE CONCRETO,,,1,2.66666666666667,,,Horas,4.375,35
004730,,,5.12,5,VIBRADOR DE CONCRETO CON MANGUERA,,,1,2.66666666666667,,,Horas,1.875,15
5.13,,,5,2,CARGA Y BOTE DE MATERIALES PROVENIENTES DE LA DEMOLICIÓN Y/O EXCAVACIÓN.,,,,16.5,16.5,8,M3,,
000307,,,5.13,4,AYUDANTE,,,4,1.93939393939394,,,Horas,1.19125,9.53
003014,,,5.13,4,SUPERVISOR DE SEGURIDAD,,,0.25,0.121212121212121,,,Horas,2.49625,19.97
000767,,,5.13,4,CAPATAZ,,,0.5,0.242424242424242,,,Horas,2.2075,17.66
007963,,,5.13,5,BARRA DE ALBAÑILERIA,,,2,0.96969696969697,,,Horas,0.125,1
004741,,,5.13,5,PALA RECTANGULAR ALBAÑILERIA,,,4,1.93939393939394,,,Horas,0.11625,0.93
008054,,,5.13,5,PICO DE ALBAÑILERIA,,,1,0.484848484848485,,,Horas,0.0625,0.5
004736,,,5.13,5,CARRETILLA DE ALBAÑILERIA,,,1,0.484848484848485,,,Horas,0.15625,1.25
11,,,,1,"MANTENIMIENTO Y LIMPIEZA DE 44 M DE SUMIDEROS DE REJA EN ÁREA DE DESCARGA DE MATERIA PRIMA (FRIJOL DE SOJA) APROM=0,60, HPROM=0,70. INCLUYE:REPARACION DE REJILLAS, LIMPIEZA DE SEDIMENTOS, COLOCACIÓN DE MORTERO 1:2 PARA MEJORAMIENTO DE PENDIENTES E IMPERME",,,,,,,,,
11.1,,,11,2,REMOCIÓN / MONTAJE DE TAPAS DE REJAS EXISTENTES,,,,600,1200,8,KG,,
000307,,,11.1,4,AYUDANTE,,,4,2.66666666666667E-02,,,Horas,1.19125,9.53
003014,,,11.1,4,SUPERVISOR DE SEGURIDAD,,,0.25,1.66666666666667E-03,,,Horas,2.49625,19.97
000767,,,11.1,4,CAPATAZ,,,0.5,3.33333333333333E-03,,,Horas,2.2075,17.66
011960,,,11.1,5,EXTENSION ELECTRICA 220V,,,2,1.33333333333333E-02,,,Horas,0.29375,2.35
004570,,,11.1,5,EXTENSION ELECTRICA-ESTANDAR,,,2,1.33333333333333E-02,,,Horas,0.17125,1.37
004658,,,11.1,5,SOLDADORA ELECTRICA-450 DC,,,1,6.66666666666667E-03,,,Horas,5.125,41
004561,,,11.1,5,ESMERIL  4.1/2´´-VARIOS,,,1,6.66666666666667E-03,,,Horas,0.34375,2.75
11.2,,,11,2,LIMPIEZA DE SEDIMENTOS EN SUMIDEROS EXISTENTES.,,,,1,2,8,UND,,
000307,,,11.2,4,AYUDANTE,,,4,16,,,Horas,1.19125,9.53
003014,,,11.2,4,SUPERVISOR DE SEGURIDAD,,,0.25,1,,,Horas,2.49625,19.97
000767,,,11.2,4,CAPATAZ,,,0.5,2,,,Horas,2.2075,17.66
007963,,,11.2,5,BARRA DE ALBAÑILERIA,,,2,8,,,Horas,0.125,1
004741,,,11.2,5,PALA RECTANGULAR ALBAÑILERIA,,,4,16,,,Horas,0.11625,0.93
008054,,,11.2,5,PICO DE ALBAÑILERIA,,,1,4,,,Horas,0.0625,0.5
004736,,,11.2,5,CARRETILLA DE ALBAÑILERIA,,,1,4,,,Horas,0.15625,1.25
11.3,,,11,2,"SUMISTRO, TRANSPORTE Y APLICACIÓN DE PUENTE ADHERENTE TIPO SIKA DUR 32",,,,5,20,8,M2,,
000307,,,11.3,4,AYUDANTE,,,4,1.6,,,Horas,1.19125,9.53
003014,,,11.3,4,SUPERVISOR DE SEGURIDAD,,,0.25,0.1,,,Horas,2.49625,19.97
000767,,,11.3,4,CAPATAZ,,,0.5,0.2,,,Horas,2.2075,17.66
11.4,,,11,2,"SUMISTRO, TRANSPORTE Y APLICACIÓN DE MORTERO DE CEMENTO PARA CORRECION DE PENDIENTES.",,,,0.5,0.667,8,M3,,
000307,,,11.4,4,AYUDANTE,,,3,35.9820092270135,,,Horas,1.19125,9.53
000125,,,11.4,4,ALBAÑIL DE 1a,,,1,11.9940030756712,,,Horas,1.56875,12.55
003014,,,11.4,4,SUPERVISOR DE SEGURIDAD,,,0.25,2.9985007689178,,,Horas,2.49625,19.97
000767,,,11.4,4,CAPATAZ,,,0.5,5.99700153783559,,,Horas,2.2075,17.66
007963,,,11.4,5,BARRA DE ALBAÑILERIA,,,2,23.9880061513424,,,Horas,0.125,1
004741,,,11.4,5,PALA RECTANGULAR ALBAÑILERIA,,,4,47.9760123026847,,,Horas,0.11625,0.93
008054,,,11.4,5,PICO DE ALBAÑILERIA,,,1,11.9940030756712,,,Horas,0.0625,0.5
004736,,,11.4,5,CARRETILLA DE ALBAÑILERIA,,,1,11.9940030756712,,,Horas,0.15625,1.25
17,,,,1,"RESTAURACIÓN DE LÁMINAS TRAPEZOIDALES Y COLOCACIÓN DE IMPERMEABILIZANTE EN TORNILLERÍA DE 70 M2 DE CUBIERTA DE TECHO Y ALEROS EN ÁREA DE PRE-LIMPIADORAS Y FOSA DE ELEVADOR DE TOLVA DE RECEPCIÓN DE FRIJOL DE SOJA.
INCLUYE DESINTALACION DE MEZZANINA INTERN",,,,,,,,,
17.1,,,17,2,"DESMONTAJE SIN RECUPREACIÓN DE PLATAFORMAS Y ESCALERAS DE ACCESO A MOTOR DE ELEVADOR N 1, CONFORMADA POR LAMINAS ESTRIADAS Y PERFILES ESTRUCTURALES.",,,,475,600,8,KG,,
001532,,,17.1,4,FABRICADOR 1RA,,,2,2.66666666666667E-02,,,Horas,1.6425,13.14
000307,,,17.1,4,AYUDANTE,,,2,2.66666666666667E-02,,,Horas,1.19125,9.53
003014,,,17.1,4,SUPERVISOR DE SEGURIDAD,,,0.25,3.33333333333333E-03,,,Horas,2.49625,19.97
000767,,,17.1,4,CAPATAZ,,,0.5,6.66666666666667E-03,,,Horas,2.2075,17.66
004570,,,17.1,5,EXTENSION ELECTRICA-ESTANDAR,,,2,2.66666666666667E-02,,,Horas,0.17125,1.37
004557,,,17.1,5,EQUIPO DE OXICORTE-HARRIS / VICTOR,,,2,2.66666666666667E-02,,,Horas,0.995,7.96
004561,,,17.1,5,ESMERIL  4.1/2´´-VARIOS,,,2,2.66666666666667E-02,,,Horas,0.34375,2.75
17.2,,,17,2,"DESMONTAJE SIN RECUPREACIÓN DE CUBIERTA DE TECHO EN ACERO CONFORMADA POR LÁMINAS Y PERFILES METÁLICOS.
FOSA DE ELEVADOR #1",,,,1550,600,8,KG,,
001532,,,17.2,4,FABRICADOR 1RA,,,2,2.66666666666667E-02,,,Horas,1.6425,13.14
000307,,,17.2,4,AYUDANTE,,,2,2.66666666666667E-02,,,Horas,1.19125,9.53
003014,,,17.2,4,SUPERVISOR DE SEGURIDAD,,,0.25,3.33333333333333E-03,,,Horas,2.49625,19.97
000767,,,17.2,4,CAPATAZ,,,0.5,6.66666666666667E-03,,,Horas,2.2075,17.66
004570,,,17.2,5,EXTENSION ELECTRICA-ESTANDAR,,,2,2.66666666666667E-02,,,Horas,0.17125,1.37
004557,,,17.2,5,EQUIPO DE OXICORTE-HARRIS / VICTOR,,,2,2.66666666666667E-02,,,Horas,0.995,7.96
004561,,,17.2,5,ESMERIL  4.1/2´´-VARIOS,,,2,2.66666666666667E-02,,,Horas,0.34375,2.75
17.3,,,17,2,"REMOCION DE CUBIERTA DE TECHO DE LAMINAS METÁLICAS.
ALERO ESTE DE AREA PRELIMPIADORAS.",,,,17.3,80,8,M2,,
000307,,,17.3,4,AYUDANTE,,,4,0.4,,,Horas,1.19125,9.53
003014,,,17.3,4,SUPERVISOR DE SEGURIDAD,,,0.25,0.025,,,Horas,2.49625,19.97
000767,,,17.3,4,CAPATAZ,,,0.5,0.05,,,Horas,2.2075,17.66
004746,,,17.3,5,KIT DE HERRAMIENTAS MENORES,,,1,0.1,,,Horas,0.2625,2.1
17.4,,,17,2,"APLICACIÓN DE SELLADOR SIKAFLEX  EN TORNILLERÍA EXISTENTE.
AREA DE PRE LIMPIADORAS",,,,70,70,8,M2,,
013935,,,17.4,3,SIKAFLEX 1-A SELLADOR Y ADHESIVO ELASTOMERICO CARTUCHO ,,,2.85714285714286E-02,2.85714285714286E-02,,,Pza,16.8139,
000307,,,17.4,4,AYUDANTE,,,2,0.228571428571429,,,Horas,1.19125,9.53
003014,,,17.4,4,SUPERVISOR DE SEGURIDAD,,,0.25,2.85714285714286E-02,,,Horas,2.49625,19.97
000767,,,17.4,4,CAPATAZ,,,0.5,5.71428571428571E-02,,,Horas,2.2075,17.66
003099,,,17.4,4,TECHERO,,,2,0.228571428571429,,,Horas,1.56875,12.55
004535,,,17.4,5,ARNES DE SEGURIDAD CON ESLINGA-CORPORAL,,,4,0.457142857142857,,,Horas,0.5,4
013819,,,17.4,5,PISTOLA DE CALEFATEO,,,2,0.228571428571429,,,Horas,0.0625,0.5
004757,,,17.4,5,CUERPO DE ANDAMIO,,,4,0.457142857142857,,,Horas,0.1875,1.5
17.5,,,17,2,PROYECTO DE ESTRUCTURA DE ACERO PARA DISEÑO DE ESTRUCTURA DE CUBIERTA PARA CABEZOTE DE ELEVADOR #1,,,,1,0.2,8,UND,,
002951,,,17.5,3,SERVICIOS PROFESIONALES ,,,1,1,,,UND,750,
17.6,,,17,2,LEVANTAMIENTO / REPLANTEO TOPOGRAFICO DE ESTRUCTURA EXISTENTE,,,,1,0.5,8,UND,,
016019,,,17.6,3,SERVICIOS DE TOPOGRAFIA ,,,2,2,,,UND,300,
003014,,,17.6,4,SUPERVISOR DE SEGURIDAD,,,0.25,4,,,Horas,2.49625,19.97
17.7,,,17,2,SUMINISTRO E INSTALACIÓN DE PERNOS DE ACERO CON ANCLAJE QUIMICO EN FUNDACIÓN EXISTENTE (MURO DE FOSA ELEVADOR 1).,,,,16,8,8,UND,,
001411,,,17.7,3,EPOCRET III (GL),,,0.0625,0.0625,,,galon,380,
013443,,,17.7,3,"MECHA CILINDRICA HSS-CO DE 3/4""",,,0.0625,0.0625,,,Pza,38,
014166,,,17.7,3,"MECHA CILINDRICA HSS-CO DE 3/8""",,,0.0625,0.0625,,,Pza,18,
000266,,,17.7,3,"ARANDELA PLANA H/N 5/8""",,,1,1,,,Pza,0.1016,
015737,,,17.7,3,"PERNO KWIK BOLT EXPANSIBLE HG 5/8"" X 7""",,,1,1,,,Pza,3.13,
003810,,,17.7,3,TUERCA H/N HEX 5/8 PLG 2H,,,1,1,,,Pza,2.2,
000307,,,17.7,4,AYUDANTE,,,3,3,,,Horas,1.19125,9.53
000125,,,17.7,4,ALBAÑIL DE 1a,,,1,1,,,Horas,1.56875,12.55
003014,,,17.7,4,SUPERVISOR DE SEGURIDAD,,,0.25,0.25,,,Horas,2.49625,19.97
000767,,,17.7,4,CAPATAZ,,,0.5,0.5,,,Horas,2.2075,17.66
004570,,,17.7,5,EXTENSION ELECTRICA-ESTANDAR,,,1,1,,,Horas,0.17125,1.37
004675,,,17.7,5,TALADRO ROTOMARTILLO-ROTOMARTILLO,,,1,1,,,Horas,3.90625,31.25
17.8,,,17,2,SUMINISTRO Y APLICACIÓN DE MORTERO DE NIVELACIÓN EN PLANCHAS BASE DE COLUMNAS.,,,,20,40,8,L,,
000954,,,17.8,3,CLAVO ACERO 2 PLG LISO PUNTA AZUL,,,0.05,0.05,,,kg,9.0418,
000120,,,17.8,3,ALAMBRE LISO CAL 17 (kg),,,0.05,0.05,,,kg,2.3338,
016460,,,17.8,3,TABLA DE MADERA 3.00X0.20,,,0.05,0.05,,,PZA,6.66666666666667,
020846,,,17.8,3,SONOGROUT GRUESO EXTENDIDO TECNOCONCRET SACO 25 KG,,,0.1,0.1,,,SACO,60,
000307,,,17.8,4,AYUDANTE,,,2,0.4,,,Horas,1.19125,9.53
000125,,,17.8,4,ALBAÑIL DE 1a,,,1,0.2,,,Horas,1.56875,12.55
003014,,,17.8,4,SUPERVISOR DE SEGURIDAD,,,0.25,0.05,,,Horas,2.49625,19.97
000767,,,17.8,4,CAPATAZ,,,0.5,0.1,,,Horas,2.2075,17.66
012040,,,17.8,4,CARPINTERO DE 1a,,,1,0.2,,,Horas,1.56875,12.55
004570,,,17.8,5,EXTENSION ELECTRICA-ESTANDAR,,,2,0.4,,,Horas,0.17125,1.37
004746,,,17.8,5,KIT DE HERRAMIENTAS MENORES,,,1,0.2,,,Horas,0.2625,2.1
014767,,,17.8,5,MEZCLADOR ELECTRICO PORTATIL DE BAJA REVOLUCION,,,1,0.2,,,Horas,0.625,5
008138,,,17.8,5,TOBO DE ALBAÑILERIA,,,2,0.4,,,Horas,0.01875,0.15
17.9,,,17,2,"SUMINISTRO, TRANSPORTE, FABRICACIÓN Y MONTAJE DE ESTRUCTURA METÁLICA, COLUMNAS CON PERFILES DE ACERO ASTM A 36 TIPO H.
INCLUYE PLANCHAS DE ANCLAJE",,,,980,450,8,KG,,
001532,,,17.9,4,FABRICADOR 1RA,,,2,3.55555555555556E-02,,,Horas,1.6425,13.14
000307,,,17.9,4,AYUDANTE,,,2,3.55555555555556E-02,,,Horas,1.19125,9.53
003014,,,17.9,4,SUPERVISOR DE SEGURIDAD,,,0.25,4.44444444444444E-03,,,Horas,2.49625,19.97
000767,,,17.9,4,CAPATAZ,,,0.5,8.88888888888889E-03,,,Horas,2.2075,17.66
002998,,,17.9,4,SOLDADOR DE 1ERA,,,2,3.55555555555556E-02,,,Horas,1.56875,12.55
011960,,,17.9,5,EXTENSION ELECTRICA 220V,,,2,3.55555555555556E-02,,,Horas,0.29375,2.35
004570,,,17.9,5,EXTENSION ELECTRICA-ESTANDAR,,,2,3.55555555555556E-02,,,Horas,0.17125,1.37
004535,,,17.9,5,ARNES DE SEGURIDAD CON ESLINGA-CORPORAL,,,5,8.88888888888889E-02,,,Horas,0.5,4
004731,,,17.9,5,MANDARRIA 2KG,,,1,1.77777777777778E-02,,,Horas,0.03125,0.25
008053,,,17.9,5,NIVEL DE GOTA 40CM,,,1,1.77777777777778E-02,,,Horas,0.0125,0.1
004544,,,17.9,5,CARETA FACIAL-ESTANDAR,,,2,3.55555555555556E-02,,,Horas,0.125,1
004658,,,17.9,5,SOLDADORA ELECTRICA-450 DC,,,2,3.55555555555556E-02,,,Horas,5.125,41
004745,,,17.9,5,ESCUADRA DE 24 PULG,,,1,1.77777777777778E-02,,,Horas,0.02,0.16
004561,,,17.9,5,ESMERIL  4.1/2´´-VARIOS,,,2,3.55555555555556E-02,,,Horas,0.34375,2.75
004562,,,17.9,5,ESMERIL 7´´-VARIOS,,,2,3.55555555555556E-02,,,Horas,0.51125,4.09
17.10,,,17,2,"SUMINISTRO, TRANSPORTE, FABRICACIÓN Y MONTAJE DE ESTRUCTURA METÁLICA, VIGAS CON PERFILES DE ACERO ASTM A 36 TIPO IPN.",,,,1140,450,8,KG,,
001532,,,17.10,4,FABRICADOR 1RA,,,2,3.55555555555556E-02,,,Horas,1.6425,13.14
000307,,,17.10,4,AYUDANTE,,,2,3.55555555555556E-02,,,Horas,1.19125,9.53
003014,,,17.10,4,SUPERVISOR DE SEGURIDAD,,,0.25,4.44444444444444E-03,,,Horas,2.49625,19.97
000767,,,17.10,4,CAPATAZ,,,0.5,8.88888888888889E-03,,,Horas,2.2075,17.66
002998,,,17.10,4,SOLDADOR DE 1ERA,,,2,3.55555555555556E-02,,,Horas,1.56875,12.55
011960,,,17.10,5,EXTENSION ELECTRICA 220V,,,2,3.55555555555556E-02,,,Horas,0.29375,2.35
004570,,,17.10,5,EXTENSION ELECTRICA-ESTANDAR,,,2,3.55555555555556E-02,,,Horas,0.17125,1.37
004535,,,17.10,5,ARNES DE SEGURIDAD CON ESLINGA-CORPORAL,,,5,8.88888888888889E-02,,,Horas,0.5,4
004731,,,17.10,5,MANDARRIA 2KG,,,1,1.77777777777778E-02,,,Horas,0.03125,0.25
008053,,,17.10,5,NIVEL DE GOTA 40CM,,,1,1.77777777777778E-02,,,Horas,0.0125,0.1
004544,,,17.10,5,CARETA FACIAL-ESTANDAR,,,2,3.55555555555556E-02,,,Horas,0.125,1
004658,,,17.10,5,SOLDADORA ELECTRICA-450 DC,,,2,3.55555555555556E-02,,,Horas,5.125,41
004745,,,17.10,5,ESCUADRA DE 24 PULG,,,1,1.77777777777778E-02,,,Horas,0.02,0.16
004561,,,17.10,5,ESMERIL  4.1/2´´-VARIOS,,,2,3.55555555555556E-02,,,Horas,0.34375,2.75
004562,,,17.10,5,ESMERIL 7´´-VARIOS,,,2,3.55555555555556E-02,,,Horas,0.51125,4.09
17.11,,,17,2,"SUMINISTRO, TRANSPORTE, FABRICACIÓN Y MONTAJE DE ESTRUCTURA METÁLICA, CORREAS CON PERFILES DE ACERO ASTM A 36 TIPO IPN.",,,,665,450,8,KG,,
001532,,,17.11,4,FABRICADOR 1RA,,,2,3.55555555555556E-02,,,Horas,1.6425,13.14
000307,,,17.11,4,AYUDANTE,,,2,3.55555555555556E-02,,,Horas,1.19125,9.53
003014,,,17.11,4,SUPERVISOR DE SEGURIDAD,,,0.25,4.44444444444444E-03,,,Horas,2.49625,19.97
000767,,,17.11,4,CAPATAZ,,,0.5,8.88888888888889E-03,,,Horas,2.2075,17.66
002998,,,17.11,4,SOLDADOR DE 1ERA,,,2,3.55555555555556E-02,,,Horas,1.56875,12.55
011960,,,17.11,5,EXTENSION ELECTRICA 220V,,,2,3.55555555555556E-02,,,Horas,0.29375,2.35
004570,,,17.11,5,EXTENSION ELECTRICA-ESTANDAR,,,2,3.55555555555556E-02,,,Horas,0.17125,1.37
004535,,,17.11,5,ARNES DE SEGURIDAD CON ESLINGA-CORPORAL,,,5,8.88888888888889E-02,,,Horas,0.5,4
004731,,,17.11,5,MANDARRIA 2KG,,,1,1.77777777777778E-02,,,Horas,0.03125,0.25
008053,,,17.11,5,NIVEL DE GOTA 40CM,,,1,1.77777777777778E-02,,,Horas,0.0125,0.1
004544,,,17.11,5,CARETA FACIAL-ESTANDAR,,,2,3.55555555555556E-02,,,Horas,0.125,1
004658,,,17.11,5,SOLDADORA ELECTRICA-450 DC,,,2,3.55555555555556E-02,,,Horas,5.125,41
004745,,,17.11,5,ESCUADRA DE 24 PULG,,,1,1.77777777777778E-02,,,Horas,0.02,0.16
004561,,,17.11,5,ESMERIL  4.1/2´´-VARIOS,,,2,3.55555555555556E-02,,,Horas,0.34375,2.75
004562,,,17.11,5,ESMERIL 7´´-VARIOS,,,2,3.55555555555556E-02,,,Horas,0.51125,4.09
17.12,,,17,2,"SUMINISTRO, TRANSPORTE, FABRICACIÓN Y MONTAJE  PLATAFORMAS DE LAMINA ESTRIADA ASOCIADA A LA PLATAFORMA DE ACCESO A MOTOR DE ELEVADOR N 1",,,,110,250,8,KG,,
001532,,,17.12,4,FABRICADOR 1RA,,,2,0.064,,,Horas,1.6425,13.14
000307,,,17.12,4,AYUDANTE,,,2,0.064,,,Horas,1.19125,9.53
003014,,,17.12,4,SUPERVISOR DE SEGURIDAD,,,0.25,0.008,,,Horas,2.49625,19.97
000767,,,17.12,4,CAPATAZ,,,0.5,0.016,,,Horas,2.2075,17.66
002998,,,17.12,4,SOLDADOR DE 1ERA,,,2,0.064,,,Horas,1.56875,12.55
011960,,,17.12,5,EXTENSION ELECTRICA 220V,,,2,0.064,,,Horas,0.29375,2.35
004570,,,17.12,5,EXTENSION ELECTRICA-ESTANDAR,,,2,0.064,,,Horas,0.17125,1.37
004535,,,17.12,5,ARNES DE SEGURIDAD CON ESLINGA-CORPORAL,,,5,0.16,,,Horas,0.5,4
004731,,,17.12,5,MANDARRIA 2KG,,,1,0.032,,,Horas,0.03125,0.25
008053,,,17.12,5,NIVEL DE GOTA 40CM,,,1,0.032,,,Horas,0.0125,0.1
004544,,,17.12,5,CARETA FACIAL-ESTANDAR,,,2,0.064,,,Horas,0.125,1
004658,,,17.12,5,SOLDADORA ELECTRICA-450 DC,,,2,0.064,,,Horas,5.125,41
004745,,,17.12,5,ESCUADRA DE 24 PULG,,,1,0.032,,,Horas,0.02,0.16
004561,,,17.12,5,ESMERIL  4.1/2´´-VARIOS,,,2,0.064,,,Horas,0.34375,2.75
004562,,,17.12,5,ESMERIL 7´´-VARIOS,,,2,0.064,,,Horas,0.51125,4.09
17.13,,,17,2,"SUMINISTRO, FABRICACIÓN Y MONTAJE DE ESCALERAS TIPO MARINERA.",,,,120,250,8,KG,,
001532,,,17.13,4,FABRICADOR 1RA,,,2,0.064,,,Horas,1.6425,13.14
000307,,,17.13,4,AYUDANTE,,,2,0.064,,,Horas,1.19125,9.53
003014,,,17.13,4,SUPERVISOR DE SEGURIDAD,,,0.25,0.008,,,Horas,2.49625,19.97
000767,,,17.13,4,CAPATAZ,,,0.5,0.016,,,Horas,2.2075,17.66
002998,,,17.13,4,SOLDADOR DE 1ERA,,,2,0.064,,,Horas,1.56875,12.55
011960,,,17.13,5,EXTENSION ELECTRICA 220V,,,2,0.064,,,Horas,0.29375,2.35
004570,,,17.13,5,EXTENSION ELECTRICA-ESTANDAR,,,2,0.064,,,Horas,0.17125,1.37
004535,,,17.13,5,ARNES DE SEGURIDAD CON ESLINGA-CORPORAL,,,5,0.16,,,Horas,0.5,4
004731,,,17.13,5,MANDARRIA 2KG,,,1,0.032,,,Horas,0.03125,0.25
008053,,,17.13,5,NIVEL DE GOTA 40CM,,,1,0.032,,,Horas,0.0125,0.1
004544,,,17.13,5,CARETA FACIAL-ESTANDAR,,,2,0.064,,,Horas,0.125,1
004658,,,17.13,5,SOLDADORA ELECTRICA-450 DC,,,2,0.064,,,Horas,5.125,41
004745,,,17.13,5,ESCUADRA DE 24 PULG,,,1,0.032,,,Horas,0.02,0.16
004561,,,17.13,5,ESMERIL  4.1/2´´-VARIOS,,,2,0.064,,,Horas,0.34375,2.75
004562,,,17.13,5,ESMERIL 7´´-VARIOS,,,2,0.064,,,Horas,0.51125,4.09
17.14,,,17,2,"SUMINISTRO Y APLICACIÓN DE SISTEMA PROTECTIVO DE PINTURA EN ESTRUCTURA METÁLICA, EN ESTRUCTURA DE TECHO DE CABEZOTE DE ELEVADOR NRO1",,,,150,100,8,M2,,
001681,,,17.14,3,FONDO ANTICORROSIVO GRIS,,,2.43243243243243E-02,2.43243243243243E-02,,,galon,39.9432,
002520,,,17.14,3,PINTURA ESMALTE ALUMINIO,,,0.027027027027027,0.027027027027027,,,galon,29.522,
003197,,,17.14,3,THINNER ACRILICO,,,1.35135135135135E-02,1.35135135135135E-02,,,galon,11.9233,
003218,,,17.14,3,"TIRRO DE PAPEL 1""",,,1.62162162162162E-02,1.62162162162162E-02,,,Pza,0.7965,
000545,,,17.14,3,"BROCHA 3"" MATERIAL MANGO PLASTICO CERDA NATURAL",,,3.24324324324324E-02,3.24324324324324E-02,,,Pza,1.317,
000307,,,17.14,4,AYUDANTE,,,2,0.16,,,Horas,1.19125,9.53
002479,,,17.14,4,PINTOR DE 1a,,,1,0.08,,,Horas,1.56875,12.55
003014,,,17.14,4,SUPERVISOR DE SEGURIDAD,,,0.25,0.02,,,Horas,2.49625,19.97
000767,,,17.14,4,CAPATAZ,,,0.5,0.04,,,Horas,2.2075,17.66
004570,,,17.14,5,EXTENSION ELECTRICA-ESTANDAR,,,2,0.16,,,Horas,0.17125,1.37
004552,,,17.14,5,COMPRESOR DE AIRE- ELECTRICO,,,1,0.08,,,Horas,0.75,6
004558,,,17.14,5,EQUIPO DE PINTURA ESTÁNDAR BAJA-PISTOLA DE CARGA POR SU,,,1,0.08,,,Horas,2,16
17.15,,,17,2,"SUMINISTRO, TRANSPORTE Y COLOCACIÓN DE CUBIERTA DE TECHO PARA CABEZOTE DE ELEVADOR NRO.1 UTILIZANDO LÁMINAS DE ALUMINIO NORAL DE 1MM. INCLUYE ACARREO DE LÁMINAS",,,,36,18,8,M2,,
001984,,,17.15,3,"LAMINA ALUMINIO NORAL ACAN ANCHO T 0,94 UTIL 0,89 M ESP",,,0.388888888888889,0.388888888888889,,,Pza,35,
013935,,,17.15,3,SIKAFLEX 1-A SELLADOR Y ADHESIVO ELASTOMERICO CARTUCHO ,,,0.111111111111111,0.111111111111111,,,Pza,16.8139,
003307,,,17.15,3,TORNILLO AUTOTALADRANTE 14 X 1 1/2 PLG,,,5.55555555555556,5.55555555555556,,,Pza,0.27,
000307,,,17.15,4,AYUDANTE,,,2,0.888888888888889,,,Horas,1.19125,9.53
003014,,,17.15,4,SUPERVISOR DE SEGURIDAD,,,0.25,0.111111111111111,,,Horas,2.49625,19.97
000767,,,17.15,4,CAPATAZ,,,0.5,0.222222222222222,,,Horas,2.2075,17.66
003099,,,17.15,4,TECHERO,,,2,0.888888888888889,,,Horas,1.56875,12.55
004729,,,17.15,5,FORMALETAS PARA ANDAMIO,,,4,1.77777777777778,,,Horas,0.0625,0.5
1637,,,17.15,5,TALADRO INALAMBRICO 1/2',,,4,1.77777777777778,,,Horas,0.6375,5.1
004535,,,17.15,5,ARNES DE SEGURIDAD CON ESLINGA-CORPORAL,,,5,2.22222222222222,,,Horas,0.5,4
004750,,,17.15,5,JUEGO DE DADOS HEXAGONALES PULG CUADRANTE 3/4',,,4,1.77777777777778,,,Horas,0.2675,2.14
013819,,,17.15,5,PISTOLA DE CALEFATEO,,,2,0.888888888888889,,,Horas,0.0625,0.5
014413,,,17.15,5,REMACHADORA MANUAL,,,1,0.444444444444444,,,Horas,0.0625,0.5
004757,,,17.15,5,CUERPO DE ANDAMIO,,,2,0.888888888888889,,,Horas,0.1875,1.5
004755,,,17.15,5,ESCALERA TIPO TIJERA,,,2,0.888888888888889,,,Horas,0.5,4
17.16,,,17,2,"SUMINISTRO, TRANSPORTE Y COLOCACIÓN DE CUMBRERA DE LÁMINA ALUMINIO NORAL DE 1MM PARA CUBIERTA DE  DE ELEVADOR NRO.1. INCLUYE ACARREO DE LÁMINAS.",,,,6,12,8,ML,,
009419,,,17.16,3,"CUMBRERA EN ALUMINIO 0,30 M X 1 MM X 2,40 M",,,0.416666666666667,0.416666666666667,,,Pza,40,
002778,,,17.16,3,REMACHE 3/16 X 1/2 PLG,,,16.6666666666667,16.6666666666667,,,Unidades,0.0464,
003307,,,17.16,3,TORNILLO AUTOTALADRANTE 14 X 1 1/2 PLG,,,8.33333333333333,8.33333333333333,,,Pza,0.27,
000307,,,17.16,4,AYUDANTE,,,2,1.33333333333333,,,Horas,1.19125,9.53
003014,,,17.16,4,SUPERVISOR DE SEGURIDAD,,,0.25,0.166666666666667,,,Horas,2.49625,19.97
000767,,,17.16,4,CAPATAZ,,,0.5,0.333333333333333,,,Horas,2.2075,17.66
003099,,,17.16,4,TECHERO,,,2,1.33333333333333,,,Horas,1.56875,12.55
004729,,,17.16,5,FORMALETAS PARA ANDAMIO,,,4,2.66666666666667,,,Horas,0.0625,0.5
1637,,,17.16,5,TALADRO INALAMBRICO 1/2',,,2,1.33333333333333,,,Horas,0.6375,5.1
008265,,,17.16,5,JUEGO DE DADOS CUD 3/4 PULG 23 PZA,,,1,0.666666666666667,,,Horas,0.25,2
004527,,,17.16,5,ALICATE DE PRESION,,,1,0.666666666666667,,,Horas,0.02375,0.19
004757,,,17.16,5,CUERPO DE ANDAMIO,,,6,4,,,Horas,0.1875,1.5
17.17,,,17,2,"SUMINISTRO, TRANSPORTE Y COLOCACIÓN  DE LÁMINA ALUMINIO NORAL DE 1MM PARA PANTALLAS LATERALES EN FOSA  DE ELEVADOR NRO.1. INCLUYE ACARREO DE LÁMINAS.",,,,80,53.333,8,M2,,
001984,,,17.17,3,"LAMINA ALUMINIO NORAL ACAN ANCHO T 0,94 UTIL 0,89 M ESP",,,0.388888888888889,0.388888888888889,,,Pza,35,
013935,,,17.17,3,SIKAFLEX 1-A SELLADOR Y ADHESIVO ELASTOMERICO CARTUCHO ,,,0.111111111111111,0.111111111111111,,,Pza,16.8139,
003307,,,17.17,3,TORNILLO AUTOTALADRANTE 14 X 1 1/2 PLG,,,5.55555555555556,5.55555555555556,,,Pza,0.27,
000307,,,17.17,4,AYUDANTE,,,2,0.300001873981738,,,Horas,1.19125,9.53
003014,,,17.17,4,SUPERVISOR DE SEGURIDAD,,,0.25,3.75002342477172E-02,,,Horas,2.49625,19.97
000767,,,17.17,4,CAPATAZ,,,0.5,7.50004684954344E-02,,,Horas,2.2075,17.66
003099,,,17.17,4,TECHERO,,,2,0.300001873981738,,,Horas,1.56875,12.55
004729,,,17.17,5,FORMALETAS PARA ANDAMIO,,,4,0.600003747963475,,,Horas,0.0625,0.5
1637,,,17.17,5,TALADRO INALAMBRICO 1/2',,,4,0.600003747963475,,,Horas,0.6375,5.1
004535,,,17.17,5,ARNES DE SEGURIDAD CON ESLINGA-CORPORAL,,,5,0.750004684954344,,,Horas,0.5,4
004750,,,17.17,5,JUEGO DE DADOS HEXAGONALES PULG CUADRANTE 3/4',,,4,0.600003747963475,,,Horas,0.2675,2.14
013819,,,17.17,5,PISTOLA DE CALEFATEO,,,2,0.300001873981738,,,Horas,0.0625,0.5
014413,,,17.17,5,REMACHADORA MANUAL,,,1,0.150000936990869,,,Horas,0.0625,0.5
004757,,,17.17,5,CUERPO DE ANDAMIO,,,2,0.300001873981738,,,Horas,0.1875,1.5
004755,,,17.17,5,ESCALERA TIPO TIJERA,,,2,0.300001873981738,,,Horas,0.5,4
17.18,,,17,2,"SUMINISTRO, TRANSPORTE Y COLOCACIÓN  DE ESCOTILLA  ES CERRAMIENTO LATERAL DE FOSA DE ELEVADOR N 1. ACCESO PARA MANGUERA DE ACHIQUE",,,,1,2,8,PZA,,
001532,,,17.18,4,FABRICADOR 1RA,,,1,4,,,Horas,1.6425,13.14
000307,,,17.18,4,AYUDANTE,,,2,8,,,Horas,1.19125,9.53
003014,,,17.18,4,SUPERVISOR DE SEGURIDAD,,,0.25,1,,,Horas,2.49625,19.97
000767,,,17.18,4,CAPATAZ,,,0.5,2,,,Horas,2.2075,17.66
002998,,,17.18,4,SOLDADOR DE 1ERA,,,1,4,,,Horas,1.56875,12.55
011960,,,17.18,5,EXTENSION ELECTRICA 220V,,,2,8,,,Horas,0.29375,2.35
004570,,,17.18,5,EXTENSION ELECTRICA-ESTANDAR,,,2,8,,,Horas,0.17125,1.37
004658,,,17.18,5,SOLDADORA ELECTRICA-450 DC,,,1,4,,,Horas,5.125,41
004561,,,17.18,5,ESMERIL  4.1/2´´-VARIOS,,,1,4,,,Horas,0.34375,2.75
17.19,,,17,2,"SUMINISTRO, TRANSPORTE Y FABRICACIÓN DE CANALES PARA RECOLECCIÓN DE AGUAS PLUVIALES EN LÁMINA GALVANIZADA CAL. 18 Y DESARROLLO 0,60M DE LONG",,,,12,24,8,ML,,
001953,,,17.19,3,"LAMINA AG GALVANIZADA LISA ANCHO 1,2 M ESP 1,2 MM CAL 1",,,0.25,0.25,,,Pza,50.4425,
000307,,,17.19,4,AYUDANTE,,,1,0.333333333333333,,,Horas,1.19125,9.53
003014,,,17.19,4,SUPERVISOR DE SEGURIDAD,,,0.25,8.33333333333333E-02,,,Horas,2.49625,19.97
000767,,,17.19,4,CAPATAZ,,,0.5,0.166666666666667,,,Horas,2.2075,17.66
002343,,,17.19,4,OPERADOR ,,,1.5,0.5,,,Horas,1.6425,13.14
CH-JMT,,,17.19,5,CIZALLA HIDRÁULICA JMT,,,1,0.333333333333333,,,Horas,3.90625,31.25
DH-JMT,,,17.19,5,DOBLADORA HIDRÁULICA JMT,,,1,0.333333333333333,,,Horas,3.90625,31.25
17.20,,,17,2,"SUMINISTRO, TRANSPORTE Y FABRICACIÓN DE 4 TAPAS EXTREMAS DE CANALES PARA RECOLECCIÓN DE AGUAS PLUVIALES EN LÁMINA GALVANIZADA CAL. 18 Y 4 CILINDROS DE Ø=4"" x 150mm PARA ACOPLAR BAJANTES DE AGUAS DE LLUVIA.",,,,4,16,8,PZA,,
001953,,,17.20,3,"LAMINA AG GALVANIZADA LISA ANCHO 1,2 M ESP 1,2 MM CAL 1",,,0.166666666666667,0.166666666666667,,,Pza,50.4425,
000307,,,17.20,4,AYUDANTE,,,1,0.5,,,Horas,1.19125,9.53
003014,,,17.20,4,SUPERVISOR DE SEGURIDAD,,,0.25,0.125,,,Horas,2.49625,19.97
000767,,,17.20,4,CAPATAZ,,,0.5,0.25,,,Horas,2.2075,17.66
002343,,,17.20,4,OPERADOR ,,,1.5,0.75,,,Horas,1.6425,13.14
CH-JMT,,,17.20,5,CIZALLA HIDRÁULICA JMT,,,1,0.5,,,Horas,3.90625,31.25
DH-JMT,,,17.20,5,DOBLADORA HIDRÁULICA JMT,,,1,0.5,,,Horas,3.90625,31.25
17.21,,,17,2,INSTALACION DE CANALES DE AGUAS DE LLUVIA,,,,12,10,8,ML,,
000827,,,17.21,3,CEPILLO DE ALAMBRE MANGO DE MADERA,,,0.5,0.5,,,Pza,0.8458,
001299,,,17.21,3,"DISCO DE CORTE D EXT 4 1/2"" ESP 1/8""",,,0.230769230769231,0.230769230769231,,,Pza,1.1513,
000150,,,17.21,3,ANGULO AC SECCION L  ALTURA 40 MM ESP 6 MM LONG 6 M MAT,,,0.4,0.4,,,Pza,24.08,
001358,,,17.21,3,ELECTRODO E 7018 ARCO ELEC PARA AC DIAM 1/8 X L 350 MM ,,,0.416666666666667,0.416666666666667,,,kg,4.0267,
001681,,,17.21,3,FONDO ANTICORROSIVO GRIS,,,4.16666666666667E-02,4.16666666666667E-02,,,galon,39.9432,
002520,,,17.21,3,PINTURA ESMALTE ALUMINIO,,,4.16666666666667E-02,4.16666666666667E-02,,,galon,29.522,
002778,,,17.21,3,REMACHE 3/16 X 1/2 PLG,,,20.8333333333333,20.8333333333333,,,Unidades,0.0464,
000544,,,17.21,3,"BROCHA 2"" MATERIAL MANGO PLASTICO CERDA NATURAL",,,0.153846153846154,0.153846153846154,,,Pza,0.8003,
000307,,,17.21,4,AYUDANTE,,,2,1.6,,,Horas,1.19125,9.53
003014,,,17.21,4,SUPERVISOR DE SEGURIDAD,,,0.25,0.2,,,Horas,2.49625,19.97
000767,,,17.21,4,CAPATAZ,,,0.5,0.4,,,Horas,2.2075,17.66
003099,,,17.21,4,TECHERO,,,2,1.6,,,Horas,1.56875,12.55
004570,,,17.21,5,EXTENSION ELECTRICA-ESTANDAR,,,2,1.6,,,Horas,0.17125,1.37
004729,,,17.21,5,FORMALETAS PARA ANDAMIO,,,4,3.2,,,Horas,0.0625,0.5
004746,,,17.21,5,KIT DE HERRAMIENTAS MENORES,,,1,0.8,,,Horas,0.2625,2.1
008038,,,17.21,5,LLAVE AJUSTABLE DE 15 PULG,,,1,0.8,,,Horas,0.0375,0.3
014413,,,17.21,5,REMACHADORA MANUAL,,,2,1.6,,,Horas,0.0625,0.5
004658,,,17.21,5,SOLDADORA ELECTRICA-450 DC,,,1,0.8,,,Horas,5.125,41
004670,,,17.21,5,TALADRO-,,,1,0.8,,,Horas,0.1975,1.58
004527,,,17.21,5,ALICATE DE PRESION,,,1,0.8,,,Horas,0.02375,0.19
004757,,,17.21,5,CUERPO DE ANDAMIO,,,6,4.8,,,Horas,0.1875,1.5
004561,,,17.21,5,ESMERIL  4.1/2´´-VARIOS,,,1,0.8,,,Horas,0.34375,2.75
17.22,,,17,2,"SUMINISTRO, TRANSPORTE Y FABRICACIÓN DE TUBERIA DE PVC, PARA BAJANTE DE AGUAS DE LLUVIA DIAMETRO 4"".",,,,30,15,8,ML,,
001003,,,17.22,3,CODO 45° PVC X 4 PLG (SEMICODO) A/NEG,,,8.33333333333333E-02,8.33333333333333E-02,,,Pza,5,
001052,,,17.22,3,CODO 90° PVC X 4 PLG A/N,,,0.333333333333333,0.333333333333333,,,Pza,4.3933,
001299,,,17.22,3,"DISCO DE CORTE D EXT 4 1/2"" ESP 1/8""",,,0.166666666666667,0.166666666666667,,,Pza,1.1513,
001357,,,17.22,3,ELECTRODO E 6013 ARCO ELEC PARA AC DIAM 3/32 X L 350 MM,,,8.33333333333333E-02,8.33333333333333E-02,,,kg,3.2817,
014533,,,17.22,3,PEGA TANGIT P/TUBERIA ALTA PRESION,,,4.16666666666667E-02,4.16666666666667E-02,,,galon,51.77,
002587,,,17.22,3,PLETINA  AC RECTANGULAR  ANCHO 1 PLG ESP 3/16 PLG LON 6,,,8.33333333333333E-02,8.33333333333333E-02,,,Pza,10.1038,
003731,,,17.22,3,TUBO PVC A/N 4 PLG X 3 MTS,,,0.333333333333333,0.333333333333333,,,Pza,35,
004021,,,17.22,3,YEE 45° PVC 4 PLG,,,8.33333333333333E-02,8.33333333333333E-02,,,Pza,9.63,
000543,,,17.22,3,"BROCHA 1"" MATERIAL MANGO PLASTICO CERDA NATURAL",,,8.33333333333333E-02,8.33333333333333E-02,,,Pza,0.6488,
000307,,,17.22,4,AYUDANTE,,,2,1.06666666666667,,,Horas,1.19125,9.53
003014,,,17.22,4,SUPERVISOR DE SEGURIDAD,,,0.25,0.133333333333333,,,Horas,2.49625,19.97
000767,,,17.22,4,CAPATAZ,,,0.5,0.266666666666667,,,Horas,2.2075,17.66
003099,,,17.22,4,TECHERO,,,2,1.06666666666667,,,Horas,1.56875,12.55
011960,,,17.22,5,EXTENSION ELECTRICA 220V,,,1,0.533333333333333,,,Horas,0.29375,2.35
004570,,,17.22,5,EXTENSION ELECTRICA-ESTANDAR,,,2,1.06666666666667,,,Horas,0.17125,1.37
004729,,,17.22,5,FORMALETAS PARA ANDAMIO,,,4,2.13333333333333,,,Horas,0.0625,0.5
004731,,,17.22,5,MANDARRIA 2KG,,,2,1.06666666666667,,,Horas,0.03125,0.25
004544,,,17.22,5,CARETA FACIAL-ESTANDAR,,,1,0.533333333333333,,,Horas,0.125,1
004658,,,17.22,5,SOLDADORA ELECTRICA-450 DC,,,1,0.533333333333333,,,Horas,5.125,41
004757,,,17.22,5,CUERPO DE ANDAMIO,,,6,3.2,,,Horas,0.1875,1.5
004561,,,17.22,5,ESMERIL  4.1/2´´-VARIOS,,,1,0.533333333333333,,,Horas,0.34375,2.75
17.23,,,17,2,DESMONTAJE SIN RECUPERACIÓN DE LAMINAS ESTRIADAS EN PLATAFORMAS EXISTENTES. AREA DE PRELIMPIADORAS.,,,,1050,600,8,KG,,
001532,,,17.23,4,FABRICADOR 1RA,,,2,2.66666666666667E-02,,,Horas,1.6425,13.14
000307,,,17.23,4,AYUDANTE,,,2,2.66666666666667E-02,,,Horas,1.19125,9.53
003014,,,17.23,4,SUPERVISOR DE SEGURIDAD,,,0.25,3.33333333333333E-03,,,Horas,2.49625,19.97
000767,,,17.23,4,CAPATAZ,,,0.5,6.66666666666667E-03,,,Horas,2.2075,17.66
004570,,,17.23,5,EXTENSION ELECTRICA-ESTANDAR,,,4,5.33333333333333E-02,,,Horas,0.17125,1.37
004731,,,17.23,5,MANDARRIA 2KG,,,1,1.33333333333333E-02,,,Horas,0.03125,0.25
004557,,,17.23,5,EQUIPO DE OXICORTE-HARRIS / VICTOR,,,2,2.66666666666667E-02,,,Horas,0.995,7.96
004561,,,17.23,5,ESMERIL  4.1/2´´-VARIOS,,,1,1.33333333333333E-02,,,Horas,0.34375,2.75
004562,,,17.23,5,ESMERIL 7´´-VARIOS,,,1,1.33333333333333E-02,,,Horas,0.51125,4.09
17.24,,,17,2,"SUMINISTRO, TRASPORTE Y APLICACIÓN DE SISTEMA PROTECTIVO DE PINTURA EN ESTRUCTURA EXISTENTE. UNA CAPA DE FONDO Y ACABADO EN ESMALTE
AREA DE PRELIMPIADORAS",,,,70,100,8,M2,,
001681,,,17.24,3,FONDO ANTICORROSIVO GRIS,,,2.43243243243243E-02,2.43243243243243E-02,,,galon,39.9432,
002520,,,17.24,3,PINTURA ESMALTE ALUMINIO,,,0.027027027027027,0.027027027027027,,,galon,29.522,
003197,,,17.24,3,THINNER ACRILICO,,,1.35135135135135E-02,1.35135135135135E-02,,,galon,11.9233,
003218,,,17.24,3,"TIRRO DE PAPEL 1""",,,1.62162162162162E-02,1.62162162162162E-02,,,Pza,0.7965,
000545,,,17.24,3,"BROCHA 3"" MATERIAL MANGO PLASTICO CERDA NATURAL",,,3.24324324324324E-02,3.24324324324324E-02,,,Pza,1.317,
000307,,,17.24,4,AYUDANTE,,,2,0.16,,,Horas,1.19125,9.53
002479,,,17.24,4,PINTOR DE 1a,,,1,0.08,,,Horas,1.56875,12.55
003014,,,17.24,4,SUPERVISOR DE SEGURIDAD,,,0.25,0.02,,,Horas,2.49625,19.97
000767,,,17.24,4,CAPATAZ,,,0.5,0.04,,,Horas,2.2075,17.66
004570,,,17.24,5,EXTENSION ELECTRICA-ESTANDAR,,,2,0.16,,,Horas,0.17125,1.37
004552,,,17.24,5,COMPRESOR DE AIRE- ELECTRICO,,,1,0.08,,,Horas,0.75,6
004558,,,17.24,5,EQUIPO DE PINTURA ESTÁNDAR BAJA-PISTOLA DE CARGA POR SU,,,1,0.08,,,Horas,2,16
17.25,,,17,2,"SUMINISTRO, FABRICACIÓN Y MONTAJE DE LÁMINAS ESTRIADAS ESPESOR 3 MM, ACERO ASTM A36. INCLUYE FONDO ANTICORROSIVO Y PINTURA EN ESMALTE.
AREA DE PRELIMPIADORAS",,,,1050,450,8,KG,,
001532,,,17.25,4,FABRICADOR 1RA,,,2,3.55555555555556E-02,,,Horas,1.6425,13.14
000307,,,17.25,4,AYUDANTE,,,2,3.55555555555556E-02,,,Horas,1.19125,9.53
003014,,,17.25,4,SUPERVISOR DE SEGURIDAD,,,0.25,4.44444444444444E-03,,,Horas,2.49625,19.97
000767,,,17.25,4,CAPATAZ,,,0.5,8.88888888888889E-03,,,Horas,2.2075,17.66
002998,,,17.25,4,SOLDADOR DE 1ERA,,,2,3.55555555555556E-02,,,Horas,1.56875,12.55
011960,,,17.25,5,EXTENSION ELECTRICA 220V,,,2,3.55555555555556E-02,,,Horas,0.29375,2.35
004570,,,17.25,5,EXTENSION ELECTRICA-ESTANDAR,,,2,3.55555555555556E-02,,,Horas,0.17125,1.37
004535,,,17.25,5,ARNES DE SEGURIDAD CON ESLINGA-CORPORAL,,,5,8.88888888888889E-02,,,Horas,0.5,4
004731,,,17.25,5,MANDARRIA 2KG,,,1,1.77777777777778E-02,,,Horas,0.03125,0.25
008053,,,17.25,5,NIVEL DE GOTA 40CM,,,1,1.77777777777778E-02,,,Horas,0.0125,0.1
004544,,,17.25,5,CARETA FACIAL-ESTANDAR,,,2,3.55555555555556E-02,,,Horas,0.125,1
004658,,,17.25,5,SOLDADORA ELECTRICA-450 DC,,,2,3.55555555555556E-02,,,Horas,5.125,41
004745,,,17.25,5,ESCUADRA DE 24 PULG,,,1,1.77777777777778E-02,,,Horas,0.02,0.16
004561,,,17.25,5,ESMERIL  4.1/2´´-VARIOS,,,2,3.55555555555556E-02,,,Horas,0.34375,2.75
004562,,,17.25,5,ESMERIL 7´´-VARIOS,,,2,3.55555555555556E-02,,,Horas,0.51125,4.09
22,,,,1,ADECUACIÓN DE DRENAJES AGUAS RESIDUALES / TANQUE SEPTICO Y TUBERÍA DE DESCARGA,,,,,,,,,
22.1,,,22,2,ACHIQUE CON CAMIÓN DE VACÍO  EN TANQUE SEPTICO.,,,,1,1,8,UND,,
000307,,,22.1,4,AYUDANTE,,,4,32,,,Horas,1.19125,9.53
003014,,,22.1,4,SUPERVISOR DE SEGURIDAD,,,0.25,2,,,Horas,2.49625,19.97
000767,,,22.1,4,CAPATAZ,,,0.5,4,,,Horas,2.2075,17.66
007963,,,22.1,5,BARRA DE ALBAÑILERIA,,,2,16,,,Horas,0.125,1
004741,,,22.1,5,PALA RECTANGULAR ALBAÑILERIA,,,4,32,,,Horas,0.11625,0.93
008054,,,22.1,5,PICO DE ALBAÑILERIA,,,1,8,,,Horas,0.0625,0.5
004736,,,22.1,5,CARRETILLA DE ALBAÑILERIA,,,1,8,,,Horas,0.15625,1.25
22.2,,,22,2,DEMOLICIÓN DE ELEMENTOS DE CONCRETO CON EQUIPO PESADO.,,,,4.6,4.6,8,M3,,
000307,,,22.2,4,AYUDANTE,,,4,6.9565218833534,,,Horas,1.19125,9.53
003014,,,22.2,4,SUPERVISOR DE SEGURIDAD,,,0.25,0.434782617709587,,,Horas,2.49625,19.97
000767,,,22.2,4,CAPATAZ,,,0.5,0.869565235419175,,,Horas,2.2075,17.66
007963,,,22.2,5,BARRA DE ALBAÑILERIA,,,2,3.4782609416767,,,Horas,0.125,1
004741,,,22.2,5,PALA RECTANGULAR ALBAÑILERIA,,,4,6.9565218833534,,,Horas,0.11625,0.93
008054,,,22.2,5,PICO DE ALBAÑILERIA,,,1,1.73913047083835,,,Horas,0.0625,0.5
004736,,,22.2,5,CARRETILLA DE ALBAÑILERIA,,,1,1.73913047083835,,,Horas,0.15625,1.25
22.3,,,22,2,EXCAVACION DE TIERRA CON USO DE EQUIPO RETROEXCAVADOR. INCLUYE REPERFILAMIENTO A MANO. TIERRAS CONTAMINADAS CON DESCARGA DE SEPTICO,,,,27,30,8,M3,,
000307,,,22.3,4,AYUDANTE,,,4,1.06666666666667,,,Horas,1.19125,9.53
003014,,,22.3,4,SUPERVISOR DE SEGURIDAD,,,0.25,6.66666666666667E-02,,,Horas,2.49625,19.97
000767,,,22.3,4,CAPATAZ,,,0.5,0.133333333333333,,,Horas,2.2075,17.66
22.4,,,22,2,"SUMINISTRO, COLOCACIÓN Y COMPACTACIÓN MANUAL DE RELLENO CON GRANZON NATURAL.",,,,27,14,8,M3,,
000307,,,22.4,4,AYUDANTE,,,4,2.28571428571429,,,Horas,1.19125,9.53
003014,,,22.4,4,SUPERVISOR DE SEGURIDAD,,,0.25,0.142857142857143,,,Horas,2.49625,19.97
000767,,,22.4,4,CAPATAZ,,,0.5,0.285714285714286,,,Horas,2.2075,17.66
007963,,,22.4,5,BARRA DE ALBAÑILERIA,,,2,1.14285714285714,,,Horas,0.125,1
004741,,,22.4,5,PALA RECTANGULAR ALBAÑILERIA,,,4,2.28571428571429,,,Horas,0.11625,0.93
008054,,,22.4,5,PICO DE ALBAÑILERIA,,,1,0.571428571428571,,,Horas,0.0625,0.5
004736,,,22.4,5,CARRETILLA DE ALBAÑILERIA,,,1,0.571428571428571,,,Horas,0.15625,1.25
22.5,,,22,2,"ENCOFRADO DE MADERA TIPO RECTO, ACABADO CORRIENTE CORRESPONDIENTE A TANQUE SEPTICO.",,,,16.3,5,8,M2,,
000954,,,22.5,3,CLAVO ACERO 2 PLG LISO PUNTA AZUL,,,0.151515151515151,0.151515151515151,,,kg,9.0418,
000957,,,22.5,3,CLAVO ACERO P/MADERA 2 1/2 X 10 PLG,,,0.246212121212121,0.246212121212121,,,kg,3.4259,
000120,,,22.5,3,ALAMBRE LISO CAL 17 (kg),,,0.227272727272727,0.227272727272727,,,kg,2.3338,
001308,,,22.5,3,"DISCO DE CORTE PARA MADERA DIAMETRO 7""",,,0.227272727272727,0.227272727272727,,,Pza,5.25,
002090,,,22.5,3,LISTON DE MADERA (MTS),,,1.38636363636364,1.38636363636364,,,m,1.4925,
016460,,,22.5,3,TABLA DE MADERA 3.00X0.20,,,1.43939393939394,1.43939393939394,,,PZA,16.67,
000577,,,22.5,3,CABILLA ESTRIADA AC REDONDA DIAMETRO 3/8 PLG LONG 6 M A,,,0.151515151515151,0.151515151515151,,,Pza,5.0357,
000307,,,22.5,4,AYUDANTE,,,3,4.8,,,Horas,1.19125,9.53
003014,,,22.5,4,SUPERVISOR DE SEGURIDAD,,,0.25,0.4,,,Horas,2.49625,19.97
000767,,,22.5,4,CAPATAZ,,,1,1.6,,,Horas,2.2075,17.66
012040,,,22.5,4,CARPINTERO DE 1a,,,1,1.6,,,Horas,1.56875,12.55
004570,,,22.5,5,EXTENSION ELECTRICA-ESTANDAR,,,1,1.6,,,Horas,0.17125,1.37
004735,,,22.5,5,MARTILLO CARPINTERO,,,1,1.6,,,Horas,0.0225,0.18
011544,,,22.5,5,SERRUCHO,,,1,1.6,,,Horas,0.025,0.2
TA-023,,,22.5,5,SIERRA CINTA CIRCULAR SABI,,,1,1.6,,,Horas,0.235,1.88
004740,,,22.5,5,"TENAZA 8""",,,1,1.6,,,Horas,0.02375,0.19
22.6,,,22,2,"SUMINISTRO, PREPARACION Y COLOCACION DE ACERO DE REFUERZO Fy 4200 kgf/cm2, UTILIZANDO CABILLA No.3 A No.7, PARA LA CONSTRUCCION DE TANQUE SEPTICO .",,,,378,300,8,KG,,
000120,,,22.6,3,ALAMBRE LISO CAL 17 (kg),,,1.32275132275132E-02,1.32275132275132E-02,,,kg,2.3338,
001310,,,22.6,3,DISCO DE CORTE PARA TRONZADORA DIAMETRO 14 PLG,,,2.6455026455026E-03,2.6455026455026E-03,,,Pza,5.6516,
000573,,,22.6,3,CABILLA ESTRIADA AC REDONDA DIAMETRO 1/2 PLG LONG 6 M A,,,0.132275132275132,0.132275132275132,,,Pza,7.1856,
000577,,,22.6,3,CABILLA ESTRIADA AC REDONDA DIAMETRO 3/8 PLG LONG 6 M A,,,6.34920634920635E-02,6.34920634920635E-02,,,Pza,5.0357,
000307,,,22.6,4,AYUDANTE,,,3,0.08,,,Horas,1.19125,9.53
000125,,,22.6,4,ALBAÑIL DE 1a,,,1,2.66666666666667E-02,,,Horas,1.56875,12.55
003014,,,22.6,4,SUPERVISOR DE SEGURIDAD,,,0.25,6.66666666666667E-03,,,Horas,2.49625,19.97
000767,,,22.6,4,CAPATAZ,,,0.5,1.33333333333333E-02,,,Horas,2.2075,17.66
004570,,,22.6,5,EXTENSION ELECTRICA-ESTANDAR,,,2,5.33333333333333E-02,,,Horas,0.17125,1.37
004740,,,22.6,5,"TENAZA 8""",,,2,5.33333333333333E-02,,,Horas,0.02375,0.19
004681,,,22.6,5,TRONZADORA-INDUSTRIAL,,,1,2.66666666666667E-02,,,Horas,1,8
013820,,,22.6,5,"CIZALLA MANUAL 24""",,,1,2.66666666666667E-02,,,Horas,0.125,1
22.7,,,22,2,"SUMINISTRO,TRANSPORTE Y COLOCACIÓN DE CONCRETO f´c 250 PARA CONSTRUCCIÓN DE TANQUE SEPTICO.",,,,4.5,4.5,8,M3,,
015597,,,22.7,3,CONCRETO PREMEZCLADO FC 250 KGS/CM2,,,1,1,,,M3,165.2,
000307,,,22.7,4,AYUDANTE,,,3,5.33333333333333,,,Horas,1.19125,9.53
000125,,,22.7,4,ALBAÑIL DE 1a,,,1,1.77777777777778,,,Horas,1.56875,12.55
003014,,,22.7,4,SUPERVISOR DE SEGURIDAD,,,0.25,0.444444444444444,,,Horas,2.49625,19.97
000767,,,22.7,4,CAPATAZ,,,0.5,0.888888888888889,,,Horas,2.2075,17.66
007963,,,22.7,5,BARRA DE ALBAÑILERIA,,,2,3.55555555555556,,,Horas,0.125,1
004741,,,22.7,5,PALA RECTANGULAR ALBAÑILERIA,,,4,7.11111111111111,,,Horas,0.11625,0.93
008054,,,22.7,5,PICO DE ALBAÑILERIA,,,1,1.77777777777778,,,Horas,0.0625,0.5
004736,,,22.7,5,CARRETILLA DE ALBAÑILERIA,,,1,1.77777777777778,,,Horas,0.15625,1.25
22.8,,,22,2,"SUMINISTRO, TRANSPORTE, FABRICACIÓN Y COLOCACION DE TAPA DE HIERRO PARA TANQUE SEPTICO. INCLUYE APLICACIÓN DE FONDO Y PINTURA EN ESMALTE. 2 TAPAS DE LÁMINA METÁLICA DE 0,60M X 0,60M",,,,2,2,8,PZA,,
001532,,,22.8,4,FABRICADOR 1RA,,,1,4,,,Horas,1.6425,13.14
000307,,,22.8,4,AYUDANTE,,,2,8,,,Horas,1.19125,9.53
003014,,,22.8,4,SUPERVISOR DE SEGURIDAD,,,0.25,1,,,Horas,2.49625,19.97
000767,,,22.8,4,CAPATAZ,,,1,4,,,Horas,2.2075,17.66
002998,,,22.8,4,SOLDADOR DE 1ERA,,,1,4,,,Horas,1.56875,12.55
011960,,,22.8,5,EXTENSION ELECTRICA 220V,,,2,8,,,Horas,0.29375,2.35
004570,,,22.8,5,EXTENSION ELECTRICA-ESTANDAR,,,2,8,,,Horas,0.17125,1.37
004658,,,22.8,5,SOLDADORA ELECTRICA-450 DC,,,1,4,,,Horas,5.125,41
004552,,,22.8,5,COMPRESOR DE AIRE- ELECTRICO,,,1,4,,,Horas,0.75,6
004558,,,22.8,5,EQUIPO DE PINTURA ESTÁNDAR BAJA-PISTOLA DE CARGA POR SU,,,1,4,,,Horas,2,16
004561,,,22.8,5,ESMERIL  4.1/2´´-VARIOS,,,1,4,,,Horas,0.34375,2.75
22.9,,,22,2,EXCAVACION DE TIERRA CON USO DE EQUIPO RETROEXCAVADOR PARA ZANJAS. INCLUYE REPERFILAMIENTO A MANO.,,,,18,30,8,M3,,
000307,,,22.9,4,AYUDANTE,,,4,1.06666666666667,,,Horas,1.19125,9.53
003014,,,22.9,4,SUPERVISOR DE SEGURIDAD,,,0.25,6.66666666666667E-02,,,Horas,2.49625,19.97
000767,,,22.9,4,CAPATAZ,,,0.5,0.133333333333333,,,Horas,2.2075,17.66
007963,,,22.9,5,BARRA DE ALBAÑILERIA,,,2,0.533333333333333,,,Horas,0.125,1
004741,,,22.9,5,PALA RECTANGULAR ALBAÑILERIA,,,4,1.06666666666667,,,Horas,0.11625,0.93
008054,,,22.9,5,PICO DE ALBAÑILERIA,,,1,0.266666666666667,,,Horas,0.0625,0.5
004736,,,22.9,5,CARRETILLA DE ALBAÑILERIA,,,1,0.266666666666667,,,Horas,0.15625,1.25
22.10,,,22,2,"SUMINISTRO TRANSPORTE Y COLOCACIÒN DE TUBERIA DE AGUAS RESIDUALES, ACERO ASTM A 53, DIAMETRO 8 plg (203 mm), e=4.8 mm AMBIENTE EXTERIOR AL RECINTO SANITARIO. INCLUYE APLICACIÓN DE RECUBRIMIENTO CON BREA EPOXICA Y COLCHÓN DE ARENA LAVADA PARA ASIENTO DE TU",,,,25,12.5,8,ML,,
001532,,,22.10,4,FABRICADOR 1RA,,,1,0.64,,,Horas,1.6425,13.14
000307,,,22.10,4,AYUDANTE,,,4,2.56,,,Horas,1.19125,9.53
003014,,,22.10,4,SUPERVISOR DE SEGURIDAD,,,0.25,0.16,,,Horas,2.49625,19.97
000767,,,22.10,4,CAPATAZ,,,1,0.64,,,Horas,2.2075,17.66
002998,,,22.10,4,SOLDADOR DE 1ERA,,,1,0.64,,,Horas,1.56875,12.55
011960,,,22.10,5,EXTENSION ELECTRICA 220V,,,2,1.28,,,Horas,0.29375,2.35
004570,,,22.10,5,EXTENSION ELECTRICA-ESTANDAR,,,2,1.28,,,Horas,0.17125,1.37
004544,,,22.10,5,CARETA FACIAL-ESTANDAR,,,2,1.28,,,Horas,0.125,1
004658,,,22.10,5,SOLDADORA ELECTRICA-450 DC,,,2,1.28,,,Horas,5.125,41
004745,,,22.10,5,ESCUADRA DE 24 PULG,,,1,0.64,,,Horas,0.02,0.16
004562,,,22.10,5,ESMERIL 7´´-VARIOS,,,2,1.28,,,Horas,0.51125,4.09
22.11,,,22,2,"SUMINISTRO, COLOCACIÓN Y COMPACTACIÓN MANUAL DE RELLENO CON GRANZON NATURAL.",,,,18,14,8,M3,,
000307,,,22.11,4,AYUDANTE,,,4,2.28571428571429,,,Horas,1.19125,9.53
003014,,,22.11,4,SUPERVISOR DE SEGURIDAD,,,0.25,0.142857142857143,,,Horas,2.49625,19.97
000767,,,22.11,4,CAPATAZ,,,0.5,0.285714285714286,,,Horas,2.2075,17.66
007963,,,22.11,5,BARRA DE ALBAÑILERIA,,,2,1.14285714285714,,,Horas,0.125,1
004741,,,22.11,5,PALA RECTANGULAR ALBAÑILERIA,,,4,2.28571428571429,,,Horas,0.11625,0.93
008054,,,22.11,5,PICO DE ALBAÑILERIA,,,1,0.571428571428571,,,Horas,0.0625,0.5
004736,,,22.11,5,CARRETILLA DE ALBAÑILERIA,,,1,0.571428571428571,,,Horas,0.15625,1.25
22.12,,,22,2,CONSTRUCCION DE BASE DE PIEDRA PICADA #1 PARA ASIENTO BASE DE PAVIMENTO.,,,,2.5,3,8,M3,,
008006,,,22.12,3,PIEDRA PICADA M3,,,1,1,,,M3,35,
000307,,,22.12,4,AYUDANTE,,,4,10.6666666666667,,,Horas,1.19125,9.53
003014,,,22.12,4,SUPERVISOR DE SEGURIDAD,,,0.25,0.666666666666667,,,Horas,2.49625,19.97
000767,,,22.12,4,CAPATAZ,,,0.5,1.33333333333333,,,Horas,2.2075,17.66
004741,,,22.12,5,PALA RECTANGULAR ALBAÑILERIA,,,2,5.33333333333333,,,Horas,0.11625,0.93
004736,,,22.12,5,CARRETILLA DE ALBAÑILERIA,,,1,2.66666666666667,,,Horas,0.15625,1.25
22.13,,,22,2,"SUMINISTRO, PREPARACION Y COLOCACION DE ACERO DE REFUERZO Fy 4200 kgf/cm2, UTILIZANDO CABILLA No.3 A No.7, PARA LA CONSTRUCCION DE LOSA DE CONCRETO (PASO DE TUBERÍA)",,,,66,300,8,KG,,
000120,,,22.13,3,ALAMBRE LISO CAL 17 (kg),,,3.03030303030303E-02,3.03030303030303E-02,,,kg,2.3338,
001310,,,22.13,3,DISCO DE CORTE PARA TRONZADORA DIAMETRO 14 PLG,,,1.51515151515152E-02,1.51515151515152E-02,,,Pza,5.6516,
000573,,,22.13,3,CABILLA ESTRIADA AC REDONDA DIAMETRO 1/2 PLG LONG 6 M A,,,0.212121212121212,0.212121212121212,,,Pza,7.1856,
000307,,,22.13,4,AYUDANTE,,,3,0.08,,,Horas,1.19125,9.53
000125,,,22.13,4,ALBAÑIL DE 1a,,,1,2.66666666666667E-02,,,Horas,1.56875,12.55
003014,,,22.13,4,SUPERVISOR DE SEGURIDAD,,,0.25,6.66666666666667E-03,,,Horas,2.49625,19.97
000767,,,22.13,4,CAPATAZ,,,0.5,1.33333333333333E-02,,,Horas,2.2075,17.66
004570,,,22.13,5,EXTENSION ELECTRICA-ESTANDAR,,,2,5.33333333333333E-02,,,Horas,0.17125,1.37
004740,,,22.13,5,"TENAZA 8""",,,4,0.106666666666667,,,Horas,0.02375,0.19
004680,,,22.13,5,TRONZADORA -TRONZADORA 14'',,,1,2.66666666666667E-02,,,Horas,0.5,4
008268,,,22.13,5,CINTA METRICA 8MTS,,,2,5.33333333333333E-02,,,Horas,0.0625,0.5
013820,,,22.13,5,"CIZALLA MANUAL 24""",,,1,2.66666666666667E-02,,,Horas,0.125,1
22.14,,,22,2,"SUMINISTRO TRANSPORTE DE CONCRETO PREMEZCLADO  DE fC= 250 KGF/CM2 A LOS 28 DIAS, EN  LOSA DE PAVIMENTO (PASO DE TUBERÍA)",,,,5,4.5,8,M3,,
015597,,,22.14,3,CONCRETO PREMEZCLADO FC 250 KGS/CM2,,,1,1,,,M3,165.2,
000307,,,22.14,4,AYUDANTE,,,3,5.33333333333333,,,Horas,1.19125,9.53
000125,,,22.14,4,ALBAÑIL DE 1a,,,1,1.77777777777778,,,Horas,1.56875,12.55
003014,,,22.14,4,SUPERVISOR DE SEGURIDAD,,,0.25,0.444444444444444,,,Horas,2.49625,19.97
000767,,,22.14,4,CAPATAZ,,,0.5,0.888888888888889,,,Horas,2.2075,17.66
004741,,,22.14,5,PALA RECTANGULAR ALBAÑILERIA,,,2,3.55555555555556,,,Horas,0.11625,0.93
004736,,,22.14,5,CARRETILLA DE ALBAÑILERIA,,,1,1.77777777777778,,,Horas,0.15625,1.25
008138,,,22.14,5,TOBO DE ALBAÑILERIA,,,2,3.55555555555556,,,Horas,0.01875,0.15
004730,,,22.14,5,VIBRADOR DE CONCRETO CON MANGUERA,,,1,1.77777777777778,,,Horas,1.875,15
23,,,,1,REPARACIONES A CASETA CCM,,,,,,,,,
23.1,,,23,2,REMOCIÓN DE MANTO ASFALTICO EXISTENTE EN TECHO DE CASETA DE CCM,,,,42.5,21.25,8,M2,,
001714,,,23.1,3,GAS PROPANO (RECARGA),,,0.423529411764706,0.423529411764706,,,kg,0.3496,
001721,,,23.1,3,GASOLINA (LTS),,,0.235294117647059,0.235294117647059,,,L,0.5,
000307,,,23.1,4,AYUDANTE,,,4,1.50588235294118,,,Horas,1.19125,9.53
003014,,,23.1,4,SUPERVISOR DE SEGURIDAD,,,0.25,9.41176470588235E-02,,,Horas,2.49625,19.97
000767,,,23.1,4,CAPATAZ,,,0.5,0.188235294117647,,,Horas,2.2075,17.66
004729,,,23.1,5,FORMALETAS PARA ANDAMIO,,,4,1.50588235294118,,,Horas,0.0625,0.5
008194,,,23.1,5,ANTORCHA DE SOPLETE PARA CALENTAMIENTO,,,1,0.376470588235294,,,Horas,0.125,1
007963,,,23.1,5,BARRA DE ALBAÑILERIA,,,2,0.752941176470588,,,Horas,0.125,1
004738,,,23.1,5,PIQUETA ALBAÑILERIA,,,2,0.752941176470588,,,Horas,0.09875,0.79
004757,,,23.1,5,CUERPO DE ANDAMIO,,,4,1.50588235294118,,,Horas,0.1875,1.5
23.2,,,23,2,"SUMINISTRO, TRANSPORTE Y COLOCACIÓN DE MORTERO IMPERMEABILIZANTE PARA CORRECCIÓN DE PENDIENTE.",,,,2.5,2.5,8,M3,,
000821,,,23.2,3,"CEMENTO GRIS (SACO DE 42,5 kg)",,,3.2,3.2,,,Saco,20,
007865,,,23.2,3,ARENA LAVADA M3,,,1,1,,,M3,35,
016070,,,23.2,3,ADITIVO IMPERMEABILIZANTE HIDROFUGO AQUAPEL TECNOCONCRE,,,0.4,0.4,,,SACO,65,
000307,,,23.2,4,AYUDANTE,,,3,9.6,,,Horas,1.19125,9.53
000125,,,23.2,4,ALBAÑIL DE 1a,,,1,3.2,,,Horas,1.56875,12.55
003014,,,23.2,4,SUPERVISOR DE SEGURIDAD,,,0.25,0.8,,,Horas,2.49625,19.97
000767,,,23.2,4,CAPATAZ,,,0.5,1.6,,,Horas,2.2075,17.66
004741,,,23.2,5,PALA RECTANGULAR ALBAÑILERIA,,,4,12.8,,,Horas,0.11625,0.93
004736,,,23.2,5,CARRETILLA DE ALBAÑILERIA,,,2,6.4,,,Horas,0.15625,1.25
008138,,,23.2,5,TOBO DE ALBAÑILERIA,,,4,12.8,,,Horas,0.01875,0.15
004728,,,23.2,5,TROMPO MEZCLADOR DE CONCRETO,,,1,3.2,,,Horas,4.375,35
004733,,,23.2,5,CUCHARA ALBAÑILERIA,,,2,6.4,,,Horas,0.01875,0.15
004757,,,23.2,5,CUERPO DE ANDAMIO,,,4,12.8,,,Horas,0.1875,1.5
23.3,,,23,2,"IMPERMEABILIZACIÓN TRANSITABLE EN LOSAS O PLACAS HORIZONTALES DE CONCRETO VACIADAS EN SITIO CON UNA MEMBRANA ASFÁLTICA CON REFUERZO DE POLIESTER e = 4 mm
SEMIADHERIDO EN CALIENTE CON SOPLETE. INCLUYE APLICACIÓN DE PRIMER Y SELLADO DE JUNTAS CON CEMENTO P",,,,42.5,21.25,8,M2,,
000307,,,23.3,4,AYUDANTE,,,2,0.752941176470588,,,Horas,1.19125,9.53
003014,,,23.3,4,SUPERVISOR DE SEGURIDAD,,,0.25,9.41176470588235E-02,,,Horas,2.49625,19.97
000767,,,23.3,4,CAPATAZ,,,0.5,0.188235294117647,,,Horas,2.2075,17.66
003099,,,23.3,4,TECHERO,,,2,0.752941176470588,,,Horas,1.56875,12.55
004729,,,23.3,5,FORMALETAS PARA ANDAMIO,,,4,1.50588235294118,,,Horas,0.0625,0.5
008194,,,23.3,5,ANTORCHA DE SOPLETE PARA CALENTAMIENTO,,,1,0.376470588235294,,,Horas,0.125,1
004757,,,23.3,5,CUERPO DE ANDAMIO,,,4,1.50588235294118,,,Horas,0.1875,1.5
23.4,,,23,2,SUMINISTRO Y APLICACIÓN DE PINTURA ALUMINIZADA.,,,,42.5,170,8,M2,,
000307,,,23.4,4,AYUDANTE,,,4,0.188235294117647,,,Horas,1.19125,9.53
003014,,,23.4,4,SUPERVISOR DE SEGURIDAD,,,0.25,1.17647058823529E-02,,,Horas,2.49625,19.97
000767,,,23.4,4,CAPATAZ,,,0.5,2.35294117647059E-02,,,Horas,2.2075,17.66
004729,,,23.4,5,FORMALETAS PARA ANDAMIO,,,4,0.188235294117647,,,Horas,0.0625,0.5
004757,,,23.4,5,CUERPO DE ANDAMIO,,,4,0.188235294117647,,,Horas,0.1875,1.5
23.5,,,23,2,"SUMINISTRO, TRANSPORTE Y FABRICACIÓN DE CANALES PARA RECOLECCIÓN DE AGUAS PLUVIALES EN LÁMINA GALVANIZADA CAL. 18 Y DESARROLLO 0,60M DE LONG",,,,6,12,8,ML,,
001953,,,23.5,3,"LAMINA AG GALVANIZADA LISA ANCHO 1,2 M ESP 1,2 MM CAL 1",,,0.25,0.25,,,Pza,50.4425,
000307,,,23.5,4,AYUDANTE,,,1,0.666666666666667,,,Horas,1.19125,9.53
003014,,,23.5,4,SUPERVISOR DE SEGURIDAD,,,0.25,0.166666666666667,,,Horas,2.49625,19.97
000767,,,23.5,4,CAPATAZ,,,0.5,0.333333333333333,,,Horas,2.2075,17.66
002343,,,23.5,4,OPERADOR ,,,1.5,1,,,Horas,1.6425,13.14
CH-JMT,,,23.5,5,CIZALLA HIDRÁULICA JMT,,,1,0.666666666666667,,,Horas,3.90625,31.25
DH-JMT,,,23.5,5,DOBLADORA HIDRÁULICA JMT,,,1,0.666666666666667,,,Horas,3.90625,31.25
23.6,,,23,2,"SUMINISTRO, TRANSPORTE Y FABRICACIÓN DE 2 TAPAS EXTREMAS DE CANALES PARA RECOLECCIÓN DE AGUAS PLUVIALES EN LÁMINA GALVANIZADA CAL. 18 Y 4 CILINDROS DE Ø=4"" x 150mm PARA ACOPLAR BAJANTES DE AGUAS DE LLUVIA.",,,,2,8,8,PZA,,
001953,,,23.6,3,"LAMINA AG GALVANIZADA LISA ANCHO 1,2 M ESP 1,2 MM CAL 1",,,0.166666666666667,0.166666666666667,,,Pza,50.4425,
000307,,,23.6,4,AYUDANTE,,,1,1,,,Horas,1.19125,9.53
003014,,,23.6,4,SUPERVISOR DE SEGURIDAD,,,0.25,0.25,,,Horas,2.49625,19.97
000767,,,23.6,4,CAPATAZ,,,0.5,0.5,,,Horas,2.2075,17.66
002343,,,23.6,4,OPERADOR ,,,1.5,1.5,,,Horas,1.6425,13.14
CH-JMT,,,23.6,5,CIZALLA HIDRÁULICA JMT,,,1,1,,,Horas,3.90625,31.25
DH-JMT,,,23.6,5,DOBLADORA HIDRÁULICA JMT,,,1,1,,,Horas,3.90625,31.25
23.7,,,23,2,"INSTALACION DE CANALES DE AGUAS DE LLUVIA EN CASETA DE CCM.
INCLUYE SOPORTES PARA FIJACIÓN",,,,12,10,8,ML,,
000827,,,23.7,3,CEPILLO DE ALAMBRE MANGO DE MADERA,,,0.5,0.5,,,Pza,0.8458,
001299,,,23.7,3,"DISCO DE CORTE D EXT 4 1/2"" ESP 1/8""",,,0.230769230769231,0.230769230769231,,,Pza,1.1513,
000150,,,23.7,3,ANGULO AC SECCION L  ALTURA 40 MM ESP 6 MM LONG 6 M MAT,,,0.4,0.4,,,Pza,24.08,
001358,,,23.7,3,ELECTRODO E 7018 ARCO ELEC PARA AC DIAM 1/8 X L 350 MM ,,,0.416666666666667,0.416666666666667,,,kg,4.0267,
001681,,,23.7,3,FONDO ANTICORROSIVO GRIS,,,4.16666666666667E-02,4.16666666666667E-02,,,galon,39.9432,
002520,,,23.7,3,PINTURA ESMALTE ALUMINIO,,,4.16666666666667E-02,4.16666666666667E-02,,,galon,29.522,
002778,,,23.7,3,REMACHE 3/16 X 1/2 PLG,,,20.8333333333333,20.8333333333333,,,Unidades,0.0464,
000544,,,23.7,3,"BROCHA 2"" MATERIAL MANGO PLASTICO CERDA NATURAL",,,0.153846153846154,0.153846153846154,,,Pza,0.8003,
000307,,,23.7,4,AYUDANTE,,,2,1.6,,,Horas,1.19125,9.53
003014,,,23.7,4,SUPERVISOR DE SEGURIDAD,,,0.25,0.2,,,Horas,2.49625,19.97
000767,,,23.7,4,CAPATAZ,,,0.5,0.4,,,Horas,2.2075,17.66
003099,,,23.7,4,TECHERO,,,2,1.6,,,Horas,1.56875,12.55
004570,,,23.7,5,EXTENSION ELECTRICA-ESTANDAR,,,2,1.6,,,Horas,0.17125,1.37
004729,,,23.7,5,FORMALETAS PARA ANDAMIO,,,4,3.2,,,Horas,0.0625,0.5
004746,,,23.7,5,KIT DE HERRAMIENTAS MENORES,,,1,0.8,,,Horas,0.2625,2.1
008038,,,23.7,5,LLAVE AJUSTABLE DE 15 PULG,,,1,0.8,,,Horas,0.0375,0.3
014413,,,23.7,5,REMACHADORA MANUAL,,,2,1.6,,,Horas,0.0625,0.5
004658,,,23.7,5,SOLDADORA ELECTRICA-450 DC,,,1,0.8,,,Horas,5.125,41
004670,,,23.7,5,TALADRO-,,,1,0.8,,,Horas,0.1975,1.58
004527,,,23.7,5,ALICATE DE PRESION,,,1,0.8,,,Horas,0.02375,0.19
004757,,,23.7,5,CUERPO DE ANDAMIO,,,6,4.8,,,Horas,0.1875,1.5
004561,,,23.7,5,ESMERIL  4.1/2´´-VARIOS,,,1,0.8,,,Horas,0.34375,2.75
23.8,,,23,2,"SUMINISTRO, TRANSPORTE Y FABRICACIÓN DE TUBERIA DE PVC, PARA BAJANTE DE AGUAS DE LLUVIA DIAMETRO 4"" EN CASETA CCM.",,,,8,16,8,ML,,
000307,,,23.8,4,AYUDANTE,,,2,1,,,Horas,1.19125,9.53
003014,,,23.8,4,SUPERVISOR DE SEGURIDAD,,,0.25,0.125,,,Horas,2.49625,19.97
000767,,,23.8,4,CAPATAZ,,,0.5,0.25,,,Horas,2.2075,17.66
003099,,,23.8,4,TECHERO,,,2,1,,,Horas,1.56875,12.55
004729,,,23.8,5,FORMALETAS PARA ANDAMIO,,,2,1,,,Horas,0.0625,0.5
004546,,,23.8,5,SEGUETA-ESTANDAR,,,2,1,,,Horas,0.025,0.2
004757,,,23.8,5,CUERPO DE ANDAMIO,,,2,1,,,Horas,0.1875,1.5
23.9,,,23,2,"CONSTRUCCIÓN DE REVESTIMIENTO EN PAREDES CON MORTERO , ACABADO LISO, INCLUYE FRISO BASE.",,,,170,42.5,8,M2,,
000307,,,23.9,4,AYUDANTE,,,3,0.564705882352941,,,Horas,1.19125,9.53
000125,,,23.9,4,ALBAÑIL DE 1a,,,1,0.188235294117647,,,Horas,1.56875,12.55
003014,,,23.9,4,SUPERVISOR DE SEGURIDAD,,,0.25,4.70588235294118E-02,,,Horas,2.49625,19.97
000767,,,23.9,4,CAPATAZ,,,0.5,9.41176470588235E-02,,,Horas,2.2075,17.66
004729,,,23.9,5,FORMALETAS PARA ANDAMIO,,,4,0.752941176470588,,,Horas,0.0625,0.5
007963,,,23.9,5,BARRA DE ALBAÑILERIA,,,2,0.376470588235294,,,Horas,0.125,1
004741,,,23.9,5,PALA RECTANGULAR ALBAÑILERIA,,,4,0.752941176470588,,,Horas,0.11625,0.93
008054,,,23.9,5,PICO DE ALBAÑILERIA,,,1,0.188235294117647,,,Horas,0.0625,0.5
004736,,,23.9,5,CARRETILLA DE ALBAÑILERIA,,,1,0.188235294117647,,,Horas,0.15625,1.25
004757,,,23.9,5,CUERPO DE ANDAMIO,,,2,0.376470588235294,,,Horas,0.1875,1.5
23.10,,,23,2,"SUMINISTRO, TRANSPORTE Y APLICACIÓN DE PINTURA CAUCHO EN PAREDES. INCLUYE APLICACIÓN DE FONDO ANTIALCALINO.",,,,170,100,8,M2,,
000307,,,23.10,4,AYUDANTE,,,2,0.16,,,Horas,1.19125,9.53
002479,,,23.10,4,PINTOR DE 1a,,,1,0.08,,,Horas,1.56875,12.55
003014,,,23.10,4,SUPERVISOR DE SEGURIDAD,,,0.25,0.02,,,Horas,2.49625,19.97
000767,,,23.10,4,CAPATAZ,,,0.5,0.04,,,Horas,2.2075,17.66
004729,,,23.10,5,FORMALETAS PARA ANDAMIO,,,2,0.16,,,Horas,0.0625,0.5
004757,,,23.10,5,CUERPO DE ANDAMIO,,,2,0.16,,,Horas,0.1875,1.5
23.11,,,23,2,"SUMINISTRO Y APLICACIÓN DE SISTEMA PROTECTIVO DE PINTURA EN ESTRUCTURA METÁLICA, INCLUYE PINTURA EN PUERTAS EXISTENTES,",,,,150,100,8,M2,,
001681,,,23.11,3,FONDO ANTICORROSIVO GRIS,,,2.43243243243243E-02,2.43243243243243E-02,,,galon,39.9432,
002520,,,23.11,3,PINTURA ESMALTE ALUMINIO,,,0.027027027027027,0.027027027027027,,,galon,29.522,
003197,,,23.11,3,THINNER ACRILICO,,,1.35135135135135E-02,1.35135135135135E-02,,,galon,11.9233,
003218,,,23.11,3,"TIRRO DE PAPEL 1""",,,1.62162162162162E-02,1.62162162162162E-02,,,Pza,0.7965,
000545,,,23.11,3,"BROCHA 3"" MATERIAL MANGO PLASTICO CERDA NATURAL",,,3.24324324324324E-02,3.24324324324324E-02,,,Pza,1.317,
000307,,,23.11,4,AYUDANTE,,,2,0.16,,,Horas,1.19125,9.53
002479,,,23.11,4,PINTOR DE 1a,,,1,0.08,,,Horas,1.56875,12.55
003014,,,23.11,4,SUPERVISOR DE SEGURIDAD,,,0.25,0.02,,,Horas,2.49625,19.97
000767,,,23.11,4,CAPATAZ,,,0.5,0.04,,,Horas,2.2075,17.66
004570,,,23.11,5,EXTENSION ELECTRICA-ESTANDAR,,,2,0.16,,,Horas,0.17125,1.37
004552,,,23.11,5,COMPRESOR DE AIRE- ELECTRICO,,,1,0.08,,,Horas,0.75,6
004558,,,23.11,5,EQUIPO DE PINTURA ESTÁNDAR BAJA-PISTOLA DE CARGA POR SU,,,1,0.08,,,Horas,2,16
23.12,,,23,2,"SUMINISTRO E INSTALACIÓN DE CIELO RASO, LAMINAS DE YESO 3/8"".",,,,14,56,8,M2,,
017930,,,23.12,3,"LAMINA DE YESO PARA CIELO RASO 1,20 X 0,60 X 3/8"" DE ES",,,1,1,,,PZA,7,
000307,,,23.12,4,AYUDANTE,,,2,0.285714285714286,,,Horas,1.19125,9.53
003014,,,23.12,4,SUPERVISOR DE SEGURIDAD,,,0.25,3.57142857142857E-02,,,Horas,2.49625,19.97
000767,,,23.12,4,CAPATAZ,,,0.5,7.14285714285714E-02,,,Horas,2.2075,17.66
002291,,,23.12,4,MONTADOR,,,1,0.142857142857143,,,Horas,1.6425,13.14
004757,,,23.12,5,CUERPO DE ANDAMIO,,,1,0.142857142857143,,,Horas,0.1875,1.5
004745,,,23.12,5,ESCUADRA DE 24 PULG,,,1,0.142857142857143,,,Horas,0.02,0.16
007992,,,23.12,5,EXACTO (HERRAMIENTA DE CORTE),,,2,0.285714285714286,,,Horas,0.0125,0.1
23.13,,,23,2,"SUMINISTRO, TRANSPORTE E INSTALACIÓN DE PAPEL AHUMADO EN VENTANAS",,,,14,14,8,M2,,
001845,,,23.13,3,JABON LIQUIDO TIPO ARIEL (LTS ),,,7.14285714285714E-02,7.14285714285714E-02,,,L,0.777,
002951,,,23.13,3,PAPEL AHUMADO,,,7.14285714285714E-02,7.14285714285714E-02,,,UND,150,
000307,,,23.13,4,AYUDANTE,,,4,2.28571428571429,,,Horas,1.19125,9.53
003014,,,23.13,4,SUPERVISOR DE SEGURIDAD,,,0.25,0.142857142857143,,,Horas,2.49625,19.97
000767,,,23.13,4,CAPATAZ,,,0.5,0.285714285714286,,,Horas,2.2075,17.66
008138,,,23.13,5,TOBO DE ALBAÑILERIA,,,2,1.14285714285714,,,Horas,0.01875,0.15
007992,,,23.13,5,EXACTO (HERRAMIENTA DE CORTE),,,1,0.571428571428571,,,Horas,0.0125,0.1
24,,,,1,ADECUACIONES A ESTRUCTURA DE CERRAMIENTO DE FOSA ELEVADOR 810,,,,,,,,,
24.1,,,24,2,"DESMONTAJE SIN RECUPERACIÓN DE CUBIERTA DE TECHO EN ACERO CONFORMADA POR LÁMINAS Y PERFILES METÁLICOS.
FOSA DE ELEVADOR # 810",,,,950,500,8,KG,,
001532,,,24.1,4,FABRICADOR 1RA,,,2,0.032,,,Horas,1.6425,13.14
000307,,,24.1,4,AYUDANTE,,,2,0.032,,,Horas,1.19125,9.53
003014,,,24.1,4,SUPERVISOR DE SEGURIDAD,,,0.25,0.004,,,Horas,2.49625,19.97
000767,,,24.1,4,CAPATAZ,,,0.5,0.008,,,Horas,2.2075,17.66
004570,,,24.1,5,EXTENSION ELECTRICA-ESTANDAR,,,2,0.032,,,Horas,0.17125,1.37
004557,,,24.1,5,EQUIPO DE OXICORTE-HARRIS / VICTOR,,,2,0.032,,,Horas,0.995,7.96
004561,,,24.1,5,ESMERIL  4.1/2´´-VARIOS,,,2,0.032,,,Horas,0.34375,2.75
24.2,,,24,2,DESMONTAJE DE CERRAMIENTO LATERAL EN FOSA DE ELEVADOR # 810  DE LAMINAS DE ACERO REVESTIDAS CON ASFALTO (ACEROLIT),,,,45,80,8,M2,,
001299,,,24.2,3,"DISCO DE CORTE D EXT 4 1/2"" ESP 1/8""",,,2.22222222222222E-02,2.22222222222222E-02,,,Pza,1.1513,
001532,,,24.2,4,FABRICADOR 1RA,,,2,0.2,,,Horas,1.6425,13.14
000307,,,24.2,4,AYUDANTE,,,2,0.2,,,Horas,1.19125,9.53
003014,,,24.2,4,SUPERVISOR DE SEGURIDAD,,,0.25,0.025,,,Horas,2.49625,19.97
000767,,,24.2,4,CAPATAZ,,,0.5,0.05,,,Horas,2.2075,17.66
004570,,,24.2,5,EXTENSION ELECTRICA-ESTANDAR,,,1,0.1,,,Horas,0.17125,1.37
004735,,,24.2,5,MARTILLO CARPINTERO,,,2,0.2,,,Horas,0.0225,0.18
004561,,,24.2,5,ESMERIL  4.1/2´´-VARIOS,,,1,0.1,,,Horas,0.34375,2.75
24.3,,,24,2,DEMOLICIÓN DE BROCAL EXISTENTE EN FORA DE ELEVADOR #810,,,,0.7,1.4,8,M3,,
000307,,,24.3,4,AYUDANTE,,,4,22.8571432463977,,,Horas,1.19125,9.53
003014,,,24.3,4,SUPERVISOR DE SEGURIDAD,,,0.25,1.42857145289986,,,Horas,2.49625,19.97
000767,,,24.3,4,CAPATAZ,,,0.5,2.85714290579971,,,Horas,2.2075,17.66
004570,,,24.3,5,EXTENSION ELECTRICA-ESTANDAR,,,2,11.4285716231988,,,Horas,0.17125,1.37
004731,,,24.3,5,MANDARRIA 2KG,,,2,11.4285716231988,,,Horas,0.03125,0.25
004610,,,24.3,5,MARTILLO DEMOLEDOR ELECTRICO,,,1,5.71428581159942,,,Horas,4.25,34
004736,,,24.3,5,CARRETILLA DE ALBAÑILERIA,,,1,5.71428581159942,,,Horas,0.15625,1.25
008138,,,24.3,5,TOBO DE ALBAÑILERIA,,,2,11.4285716231988,,,Horas,0.01875,0.15
004737,,,24.3,5,CINCEL,,,2,11.4285716231988,,,Horas,0.015,0.12
24.4,,,24,2,"SUMINISTRO, PREPARACION Y COLOCACION DE ACERO DE REFUERZO Fy 4200 kgf/cm2, UTILIZANDO CABILLA No.3 A No.7, PARA LA CONSTRUCCION DE BROCAL PERIMETRAL EN FOSA DE ELEVADOR # 810. INCLUYE FIJACION CON ANCLAJE QUIMICO",,,,30,60,8,KG,,
000120,,,24.4,3,ALAMBRE LISO CAL 17 (kg),,,3.33333333333333E-02,3.33333333333333E-02,,,kg,2.3338,
001299,,,24.4,3,"DISCO DE CORTE D EXT 4 1/2"" ESP 1/8""",,,6.66666666666667E-02,6.66666666666667E-02,,,Pza,1.1513,
001411,,,24.4,3,EPOCRET III (GL),,,3.33333333333333E-02,3.33333333333333E-02,,,galon,380,
013441,,,24.4,3,"MECHA CILINDRICA HSS-CO DE 5/8""",,,3.33333333333333E-02,3.33333333333333E-02,,,Pza,28,
000573,,,24.4,3,CABILLA ESTRIADA AC REDONDA DIAMETRO 1/2 PLG LONG 6 M A,,,0.166666666666667,0.166666666666667,,,Pza,7.1856,
000307,,,24.4,4,AYUDANTE,,,3,0.4,,,Horas,1.19125,9.53
000125,,,24.4,4,ALBAÑIL DE 1a,,,1,0.133333333333333,,,Horas,1.56875,12.55
003014,,,24.4,4,SUPERVISOR DE SEGURIDAD,,,0.25,3.33333333333333E-02,,,Horas,2.49625,19.97
000767,,,24.4,4,CAPATAZ,,,0.5,6.66666666666667E-02,,,Horas,2.2075,17.66
004570,,,24.4,5,EXTENSION ELECTRICA-ESTANDAR,,,2,0.266666666666667,,,Horas,0.17125,1.37
004740,,,24.4,5,"TENAZA 8""",,,2,0.266666666666667,,,Horas,0.02375,0.19
013820,,,24.4,5,"CIZALLA MANUAL 24""",,,1,0.133333333333333,,,Horas,0.125,1
004561,,,24.4,5,ESMERIL  4.1/2´´-VARIOS,,,1,0.133333333333333,,,Horas,0.34375,2.75
24.5,,,24,2,"ENCOFRADO DE MADERA TIPO RECTO, ACABADO CORRIENTE CORRESPONDIENTE A BROCAL EN FOSA DE ELEVADOR # 810.",,,,5.1,5,8,M2,,
000954,,,24.5,3,CLAVO ACERO 2 PLG LISO PUNTA AZUL,,,0.151515151515151,0.151515151515151,,,kg,9.0418,
000957,,,24.5,3,CLAVO ACERO P/MADERA 2 1/2 X 10 PLG,,,0.246212121212121,0.246212121212121,,,kg,3.4259,
000120,,,24.5,3,ALAMBRE LISO CAL 17 (kg),,,0.227272727272727,0.227272727272727,,,kg,2.3338,
001308,,,24.5,3,"DISCO DE CORTE PARA MADERA DIAMETRO 7""",,,0.227272727272727,0.227272727272727,,,Pza,5.25,
002090,,,24.5,3,LISTON DE MADERA (MTS),,,1.38636363636364,1.38636363636364,,,m,1.4925,
016460,,,24.5,3,TABLA DE MADERA 3.00X0.20,,,1.43939393939394,1.43939393939394,,,PZA,16.67,
000577,,,24.5,3,CABILLA ESTRIADA AC REDONDA DIAMETRO 3/8 PLG LONG 6 M A,,,0.151515151515151,0.151515151515151,,,Pza,5.0357,
000307,,,24.5,4,AYUDANTE,,,3,4.8,,,Horas,1.19125,9.53
003014,,,24.5,4,SUPERVISOR DE SEGURIDAD,,,0.25,0.4,,,Horas,2.49625,19.97
000767,,,24.5,4,CAPATAZ,,,1,1.6,,,Horas,2.2075,17.66
012040,,,24.5,4,CARPINTERO DE 1a,,,1,1.6,,,Horas,1.56875,12.55
004570,,,24.5,5,EXTENSION ELECTRICA-ESTANDAR,,,1,1.6,,,Horas,0.17125,1.37
004735,,,24.5,5,MARTILLO CARPINTERO,,,1,1.6,,,Horas,0.0225,0.18
011544,,,24.5,5,SERRUCHO,,,1,1.6,,,Horas,0.025,0.2
TA-023,,,24.5,5,SIERRA CINTA CIRCULAR SABI,,,1,1.6,,,Horas,0.235,1.88
004740,,,24.5,5,"TENAZA 8""",,,1,1.6,,,Horas,0.02375,0.19
24.6,,,24,2,"SUMINISTRO,TRANSPORTE Y COLOCACIÓN DE CONCRETO f´c 250 PARA CONSTRUCCIÓN DE BROCAL EN FOSA DE ELEVADOR # 810.",,,,0.7,3,8,M3,,
000821,,,24.6,3,"CEMENTO GRIS (SACO DE 42,5 kg)",,,9.62962962962963,9.62962962962963,,,Saco,20,
008006,,,24.6,3,PIEDRA PICADA M3,,,0.666666666666667,0.666666666666667,,,M3,35,
007865,,,24.6,3,ARENA LAVADA M3,,,0.62962962962963,0.62962962962963,,,M3,35,
000307,,,24.6,4,AYUDANTE,,,3,8,,,Horas,1.19125,9.53
000125,,,24.6,4,ALBAÑIL DE 1a,,,1,2.66666666666667,,,Horas,1.56875,12.55
003014,,,24.6,4,SUPERVISOR DE SEGURIDAD,,,0.25,0.666666666666667,,,Horas,2.49625,19.97
000767,,,24.6,4,CAPATAZ,,,0.5,1.33333333333333,,,Horas,2.2075,17.66
004741,,,24.6,5,PALA RECTANGULAR ALBAÑILERIA,,,4,10.6666666666667,,,Horas,0.11625,0.93
004736,,,24.6,5,CARRETILLA DE ALBAÑILERIA,,,1,2.66666666666667,,,Horas,0.15625,1.25
008479,,,24.6,5,CEPILLO DE ALBAÑILERIA,,,1,2.66666666666667,,,Horas,0.0625,0.5
008138,,,24.6,5,TOBO DE ALBAÑILERIA,,,2,5.33333333333333,,,Horas,0.01875,0.15
004728,,,24.6,5,TROMPO MEZCLADOR DE CONCRETO,,,1,2.66666666666667,,,Horas,4.375,35
004730,,,24.6,5,VIBRADOR DE CONCRETO CON MANGUERA,,,1,2.66666666666667,,,Horas,1.875,15
24.7,,,24,2,"SUMINISTRO, TRANSPORTE, FABRICACIÓN Y MONTAJE DE ESTRUCTURA METÁLICA, CORREAS CON PERFILES DE ACERO ASTM A 36 TIPO IPN.",,,,450,450,8,KG,,
001532,,,24.7,4,FABRICADOR 1RA,,,2,3.55555555555556E-02,,,Horas,1.6425,13.14
000307,,,24.7,4,AYUDANTE,,,2,3.55555555555556E-02,,,Horas,1.19125,9.53
003014,,,24.7,4,SUPERVISOR DE SEGURIDAD,,,0.25,4.44444444444444E-03,,,Horas,2.49625,19.97
000767,,,24.7,4,CAPATAZ,,,0.5,8.88888888888889E-03,,,Horas,2.2075,17.66
002998,,,24.7,4,SOLDADOR DE 1ERA,,,2,3.55555555555556E-02,,,Horas,1.56875,12.55
011960,,,24.7,5,EXTENSION ELECTRICA 220V,,,2,3.55555555555556E-02,,,Horas,0.29375,2.35
004570,,,24.7,5,EXTENSION ELECTRICA-ESTANDAR,,,2,3.55555555555556E-02,,,Horas,0.17125,1.37
004535,,,24.7,5,ARNES DE SEGURIDAD CON ESLINGA-CORPORAL,,,5,8.88888888888889E-02,,,Horas,0.5,4
004731,,,24.7,5,MANDARRIA 2KG,,,1,1.77777777777778E-02,,,Horas,0.03125,0.25
008053,,,24.7,5,NIVEL DE GOTA 40CM,,,1,1.77777777777778E-02,,,Horas,0.0125,0.1
004544,,,24.7,5,CARETA FACIAL-ESTANDAR,,,2,3.55555555555556E-02,,,Horas,0.125,1
004658,,,24.7,5,SOLDADORA ELECTRICA-450 DC,,,2,3.55555555555556E-02,,,Horas,5.125,41
004745,,,24.7,5,ESCUADRA DE 24 PULG,,,1,1.77777777777778E-02,,,Horas,0.02,0.16
004561,,,24.7,5,ESMERIL  4.1/2´´-VARIOS,,,2,3.55555555555556E-02,,,Horas,0.34375,2.75
004562,,,24.7,5,ESMERIL 7´´-VARIOS,,,2,3.55555555555556E-02,,,Horas,0.51125,4.09
24.8,,,24,2,"SUMINISTRO, TRANSPORTE Y COLOCACIÓN DE CUBIERTA DE TECHO PARA CUBIERTA DE FOSA DE ELEVADOR # 810 . UTILIZANDO LÁMINAS DE ALUMINIO NORAL DE 1MM. INCLUYE ACARREO DE LÁMINAS.",,,,22,40,8,M2,,
001984,,,24.8,3,"LAMINA ALUMINIO NORAL ACAN ANCHO T 0,94 UTIL 0,89 M ESP",,,0.388888888888889,0.388888888888889,,,Pza,35,
013935,,,24.8,3,SIKAFLEX 1-A SELLADOR Y ADHESIVO ELASTOMERICO CARTUCHO ,,,0.111111111111111,0.111111111111111,,,Pza,16.8139,
003307,,,24.8,3,TORNILLO AUTOTALADRANTE 14 X 1 1/2 PLG,,,5.55555555555556,5.55555555555556,,,Pza,0.27,
000307,,,24.8,4,AYUDANTE,,,2,0.4,,,Horas,1.19125,9.53
003014,,,24.8,4,SUPERVISOR DE SEGURIDAD,,,0.25,0.05,,,Horas,2.49625,19.97
000767,,,24.8,4,CAPATAZ,,,0.5,0.1,,,Horas,2.2075,17.66
003099,,,24.8,4,TECHERO,,,2,0.4,,,Horas,1.56875,12.55
004729,,,24.8,5,FORMALETAS PARA ANDAMIO,,,4,0.8,,,Horas,0.0625,0.5
1637,,,24.8,5,TALADRO INALAMBRICO 1/2',,,4,0.8,,,Horas,0.6375,5.1
004535,,,24.8,5,ARNES DE SEGURIDAD CON ESLINGA-CORPORAL,,,5,1,,,Horas,0.5,4
004750,,,24.8,5,JUEGO DE DADOS HEXAGONALES PULG CUADRANTE 3/4',,,4,0.8,,,Horas,0.2675,2.14
013819,,,24.8,5,PISTOLA DE CALEFATEO,,,2,0.4,,,Horas,0.0625,0.5
014413,,,24.8,5,REMACHADORA MANUAL,,,1,0.2,,,Horas,0.0625,0.5
004757,,,24.8,5,CUERPO DE ANDAMIO,,,2,0.4,,,Horas,0.1875,1.5
004755,,,24.8,5,ESCALERA TIPO TIJERA,,,2,0.4,,,Horas,0.5,4
24.9,,,24,2,"SUMINISTRO, TRANSPORTE Y COLOCACIÓN DE CUMBRERA DE LÁMINA ALUMINIO NORAL DE 1MM PARA CUBIERTA DE  DE ELEVADOR # 810.  .  INCLUYE ACARREO DE LÁMINAS.",,,,6,24,8,ML,,
009419,,,24.9,3,"CUMBRERA EN ALUMINIO 0,30 M X 1 MM X 2,40 M",,,0.416666666666667,0.416666666666667,,,Pza,40,
002778,,,24.9,3,REMACHE 3/16 X 1/2 PLG,,,16.6666666666667,16.6666666666667,,,Unidades,0.0464,
003307,,,24.9,3,TORNILLO AUTOTALADRANTE 14 X 1 1/2 PLG,,,8.33333333333333,8.33333333333333,,,Pza,0.27,
000307,,,24.9,4,AYUDANTE,,,2,0.666666666666667,,,Horas,1.19125,9.53
003014,,,24.9,4,SUPERVISOR DE SEGURIDAD,,,0.25,8.33333333333333E-02,,,Horas,2.49625,19.97
000767,,,24.9,4,CAPATAZ,,,0.5,0.166666666666667,,,Horas,2.2075,17.66
003099,,,24.9,4,TECHERO,,,2,0.666666666666667,,,Horas,1.56875,12.55
004729,,,24.9,5,FORMALETAS PARA ANDAMIO,,,4,1.33333333333333,,,Horas,0.0625,0.5
1637,,,24.9,5,TALADRO INALAMBRICO 1/2',,,2,0.666666666666667,,,Horas,0.6375,5.1
008265,,,24.9,5,JUEGO DE DADOS CUD 3/4 PULG 23 PZA,,,1,0.333333333333333,,,Horas,0.25,2
004527,,,24.9,5,ALICATE DE PRESION,,,1,0.333333333333333,,,Horas,0.02375,0.19
004757,,,24.9,5,CUERPO DE ANDAMIO,,,6,2,,,Horas,0.1875,1.5
24.10,,,24,2,"SUMINISTRO, TRANSPORTE Y COLOCACIÓN  DE LÁMINA ALUMINIO NORAL DE 1MM PARA PANTALLAS LATERALES EN FOSA  DE ELEVADOR # 810 .   INCLUYE ACARREO DE LÁMINAS.",,,,25,40,8,M2,,
001984,,,24.10,3,"LAMINA ALUMINIO NORAL ACAN ANCHO T 0,94 UTIL 0,89 M ESP",,,0.388888888888889,0.388888888888889,,,Pza,35,
013935,,,24.10,3,SIKAFLEX 1-A SELLADOR Y ADHESIVO ELASTOMERICO CARTUCHO ,,,0.111111111111111,0.111111111111111,,,Pza,16.8139,
003307,,,24.10,3,TORNILLO AUTOTALADRANTE 14 X 1 1/2 PLG,,,5.55555555555556,5.55555555555556,,,Pza,0.27,
000307,,,24.10,4,AYUDANTE,,,2,0.4,,,Horas,1.19125,9.53
003014,,,24.10,4,SUPERVISOR DE SEGURIDAD,,,0.25,0.05,,,Horas,2.49625,19.97
000767,,,24.10,4,CAPATAZ,,,0.5,0.1,,,Horas,2.2075,17.66
003099,,,24.10,4,TECHERO,,,2,0.4,,,Horas,1.56875,12.55
004729,,,24.10,5,FORMALETAS PARA ANDAMIO,,,4,0.8,,,Horas,0.0625,0.5
1637,,,24.10,5,TALADRO INALAMBRICO 1/2',,,4,0.8,,,Horas,0.6375,5.1
004535,,,24.10,5,ARNES DE SEGURIDAD CON ESLINGA-CORPORAL,,,5,1,,,Horas,0.5,4
004750,,,24.10,5,JUEGO DE DADOS HEXAGONALES PULG CUADRANTE 3/4',,,4,0.8,,,Horas,0.2675,2.14
013819,,,24.10,5,PISTOLA DE CALEFATEO,,,2,0.4,,,Horas,0.0625,0.5
014413,,,24.10,5,REMACHADORA MANUAL,,,1,0.2,,,Horas,0.0625,0.5
004757,,,24.10,5,CUERPO DE ANDAMIO,,,2,0.4,,,Horas,0.1875,1.5
004755,,,24.10,5,ESCALERA TIPO TIJERA,,,2,0.4,,,Horas,0.5,4
24.11,,,24,2,"SUMINISTRO, FABRICACIÓN E INSTALACIÓN DE PORTON CORREDIZO EN ENTRADA A FOSA DE ELEVADOR # 810. ",,,,1,0.333,8,PZA,,
001532,,,24.11,4,FABRICADOR 1RA,,,1,24.0240237144146,,,Horas,1.6425,13.14
000307,,,24.11,4,AYUDANTE,,,2,48.0480474288293,,,Horas,1.19125,9.53
003014,,,24.11,4,SUPERVISOR DE SEGURIDAD,,,0.25,6.00600592860366,,,Horas,2.49625,19.97
000767,,,24.11,4,CAPATAZ,,,0.5,12.0120118572073,,,Horas,2.2075,17.66
002998,,,24.11,4,SOLDADOR DE 1ERA,,,1,24.0240237144146,,,Horas,1.56875,12.55
011960,,,24.11,5,EXTENSION ELECTRICA 220V,,,2,48.0480474288293,,,Horas,0.29375,2.35
004570,,,24.11,5,EXTENSION ELECTRICA-ESTANDAR,,,2,48.0480474288293,,,Horas,0.17125,1.37
004535,,,24.11,5,ARNES DE SEGURIDAD CON ESLINGA-CORPORAL,,,5,120.120118572073,,,Horas,0.5,4
004731,,,24.11,5,MANDARRIA 2KG,,,1,24.0240237144146,,,Horas,0.03125,0.25
008053,,,24.11,5,NIVEL DE GOTA 40CM,,,1,24.0240237144146,,,Horas,0.0125,0.1
004544,,,24.11,5,CARETA FACIAL-ESTANDAR,,,2,48.0480474288293,,,Horas,0.125,1
004658,,,24.11,5,SOLDADORA ELECTRICA-450 DC,,,2,48.0480474288293,,,Horas,5.125,41
004745,,,24.11,5,ESCUADRA DE 24 PULG,,,1,24.0240237144146,,,Horas,0.02,0.16
004561,,,24.11,5,ESMERIL  4.1/2´´-VARIOS,,,2,48.0480474288293,,,Horas,0.34375,2.75
004562,,,24.11,5,ESMERIL 7´´-VARIOS,,,2,48.0480474288293,,,Horas,0.51125,4.09
,,,,,,,,,,,,,,
,,,,,,,,,,,,,,
,,,,,,,,,,,,,,
,,,,,,,,,,,,,,
,,,,,,,,,,,,,,
,,,,,,,,,,,,,,
,,,,,,,,,,,,,,
,,,,,,,,,,,,,,
,,,,,,,,,,,,,,
,,,,,,,,,,,,,,
,,,,,,,,,,,,,,
,,,,,,,,,,,,,,
,,,,,,,,,,,,,,
,,,,,,,,,,,,,,
,,,,,,,,,,,,,,
,,,,,,,,,,,,,,
,,,,,,,,,,,,,,
,,,,,,,,,,,,,,
,,,,,,,,,,,,,,
,,,,,,,,,,,,,,
,,,,,,,,,,,,,,
,,,,,,,,,,,,,,
,,,,,,,,,,,,,,
,,,,,,,,,,,,,,
,,,,,,,,,,,,,,
,,,,,,,,,,,,,,
,,,,,,,,,,,,,,
,,,,,,,,,,,,,,
,,,,,,,,,,,,,,
,,,,,,,,,,,,,,
,,,,,,,,,,,,,,
,,,,,,,,,,,,,,
,,,,,,,,,,,,,,
,,,,,,,,,,,,,,
,,,,,,,,,,,,,,
,,,,,,,,,,,,,,
,,,,,,,,,,,,,,
,,,,,,,,,,,,,,
,,,,,,,,,,,,,,
,,,,,,,,,,,,,,
,,,,,,,,,,,,,,
,,,,,,,,,,,,,,
,,,,,,,,,,,,,,
,,,,,,,,,,,,,,
,,,,,,,,,,,,,,
,,,,,,,,,,,,,,
,,,,,,,,,,,,,,
,,,,,,,,,,,,,,
,,,,,,,,,,,,,,
,,,,,,,,,,,,,,
,,,,,,,,,,,,,,
,,,,,,,,,,,,,,
,,,,,,,,,,,,,,
,,,,,,,,,,,,,,
,,,,,,,,,,,,,,
,,,,,,,,,,,,,,
,,,,,,,,,,,,,,
,,,,,,,,,,,,,,
,,,,,,,,,,,,,,
,,,,,,,,,,,,,,
,,,,,,,,,,,,,,
,,,,,,,,,,,,,,
,,,,,,,,,,,,,,
,,,,,,,,,,,,,,
,,,,,,,,,,,,,,
,,,,,,,,,,,,,,
,,,,,,,,,,,,,,
,,,,,,,,,,,,,,
,,,,,,,,,,,,,,
,,,,,,,,,,,,,,
,,,,,,,,,,,,,,
,,,,,,,,,,,,,,
,,,,,,,,,,,,,,
,,,,,,,,,,,,,,
,,,,,,,,,,,,,,
,,,,,,,,,,,,,,
,,,,,,,,,,,,,,
,,,,,,,,,,,,,,
,,,,,,,,,,,,,,
,,,,,,,,,,,,,,
,,,,,,,,,,,,,,
,,,,,,,,,,,,,,
,,,,,,,,,,,,,,
,,,,,,,,,,,,,,
,,,,,,,,,,,,,,
,,,,,,,,,,,,,,
,,,,,,,,,,,,,,
,,,,,,,,,,,,,,
,,,,,,,,,,,,,,
,,,,,,,,,,,,,,
,,,,,,,,,,,,,,
,,,,,,,,,,,,,,
,,,,,,,,,,,,,,
,,,,,,,,,,,,,,
,,,,,,,,,,,,,,
,,,,,,,,,,,,,,
,,,,,,,,,,,,,,
,,,,,,,,,,,,,,
,,,,,,,,,,,,,,
,,,,,,,,,,,,,,
,,,,,,,,,,,,,,
,,,,,,,,,,,,,,
,,,,,,,,,,,,,,
,,,,,,,,,,,,,,
,,,,,,,,,,,,,,
,,,,,,,,,,,,,,
,,,,,,,,,,,,,,
,,,,,,,,,,,,,,
,,,,,,,,,,,,,,
,,,,,,,,,,,,,,
,,,,,,,,,,,,,,
,,,,,,,,,,,,,,
,,,,,,,,,,,,,,
,,,,,,,,,,,,,,
,,,,,,,,,,,,,,
,,,,,,,,,,,,,,
,,,,,,,,,,,,,,
,,,,,,,,,,,,,,
,,,,,,,,,,,,,,
,,,,,,,,,,,,,,
,,,,,,,,,,,,,,
,,,,,,,,,,,,,,
,,,,,,,,,,,,,,
,,,,,,,,,,,,,,
,,,,,,,,,,,,,,
,,,,,,,,,,,,,,
,,,,,,,,,,,,,,
,,,,,,,,,,,,,,
,,,,,,,,,,,,,,
,,,,,,,,,,,,,,
,,,,,,,,,,,,,,
,,,,,,,,,,,,,,
,,,,,,,,,,,,,,
,,,,,,,,,,,,,,
,,,,,,,,,,,,,,
,,,,,,,,,,,,,,
,,,,,,,,,,,,,,
,,,,,,,,,,,,,,
,,,,,,,,,,,,,,
,,,,,,,,,,,,,,
,,,,,,,,,,,,,,
,,,,,,,,,,,,,,
,,,,,,,,,,,,,,
,,,,,,,,,,,,,,
,,,,,,,,,,,,,,
,,,,,,,,,,,,,,
,,,,,,,,,,,,,,
,,,,,,,,,,,,,,
,,,,,,,,,,,,,,
,,,,,,,,,,,,,,
,,,,,,,,,,,,,,
,,,,,,,,,,,,,,
,,,,,,,,,,,,,,
,,,,,,,,,,,,,,
,,,,,,,,,,,,,,
,,,,,,,,,,,,,,
,,,,,,,,,,,,,,
,,,,,,,,,,,,,,
,,,,,,,,,,,,,,
,,,,,,,,,,,,,,
,,,,,,,,,,,,,,
,,,,,,,,,,,,,,
,,,,,,,,,,,,,,
,,,,,,,,,,,,,,
,,,,,,,,,,,,,,
,,,,,,,,,,,,,,
,,,,,,,,,,,,,,
,,,,,,,,,,,,,,
,,,,,,,,,,,,,,
,,,,,,,,,,,,,,
,,,,,,,,,,,,,,
,,,,,,,,,,,,,,
,,,,,,,,,,,,,,
,,,,,,,,,,,,,,
,,,,,,,,,,,,,,
,,,,,,,,,,,,,,
,,,,,,,,,,,,,,
,,,,,,,,,,,,,,
,,,,,,,,,,,,,,
,,,,,,,,,,,,,,
,,,,,,,,,,,,,,
,,,,,,,,,,,,,,
,,,,,,,,,,,,,,
,,,,,,,,,,,,,,
,,,,,,,,,,,,,,
,,,,,,,,,,,,,,
,,,,,,,,,,,,,,
,,,,,,,,,,,,,,
,,,,,,,,,,,,,,
,,,,,,,,,,,,,,
,,,,,,,,,,,,,,
,,,,,,,,,,,,,,
,,,,,,,,,,,,,,
,,,,,,,,,,,,,,
,,,,,,,,,,,,,,
,,,,,,,,,,,,,,
,,,,,,,,,,,,,,
,,,,,,,,,,,,,,
,,,,,,,,,,,,,,
,,,,,,,,,,,,,,
,,,,,,,,,,,,,,
,,,,,,,,,,,,,,
,,,,,,,,,,,,,,
,,,,,,,,,,,,,,
,,,,,,,,,,,,,,
,,,,,,,,,,,,,,
,,,,,,,,,,,,,,
,,,,,,,,,,,,,,
,,,,,,,,,,,,,,
,,,,,,,,,,,,,,
,,,,,,,,,,,,,,
,,,,,,,,,,,,,,
,,,,,,,,,,,,,,
,,,,,,,,,,,,,,
,,,,,,,,,,,,,,
,,,,,,,,,,,,,,
,,,,,,,,,,,,,,
,,,,,,,,,,,,,,
,,,,,,,,,,,,,,
,,,,,,,,,,,,,,
,,,,,,,,,,,,,,
,,,,,,,,,,,,,,
,,,,,,,,,,,,,,
,,,,,,,,,,,,,,
,,,,,,,,,,,,,,
,,,,,,,,,,,,,,
,,,,,,,,,,,,,,
,,,,,,,,,,,,,,
,,,,,,,,,,,,,,
,,,,,,,,,,,,,,
,,,,,,,,,,,,,,
,,,,,,,,,,,,,,
,,,,,,,,,,,,,,
,,,,,,,,,,,,,,
,,,,,,,,,,,,,,
,,,,,,,,,,,,,,
,,,,,,,,,,,,,,
,,,,,,,,,,,,,,
,,,,,,,,,,,,,,
,,,,,,,,,,,,,,
,,,,,,,,,,,,,,
,,,,,,,,,,,,,,
,,,,,,,,,,,,,,
,,,,,,,,,,,,,,
,,,,,,,,,,,,,,
,,,,,,,,,,,,,,
,,,,,,,,,,,,,,
,,,,,,,,,,,,,,
,,,,,,,,,,,,,,
,,,,,,,,,,,,,,
,,,,,,,,,,,,,,
,,,,,,,,,,,,,,
,,,,,,,,,,,,,,
,,,,,,,,,,,,,,
,,,,,,,,,,,,,,
,,,,,,,,,,,,,,
,,,,,,,,,,,,,,
,,,,,,,,,,,,,,
,,,,,,,,,,,,,,
,,,,,,,,,,,,,,
,,,,,,,,,,,,,,
,,,,,,,,,,,,,,
,,,,,,,,,,,,,,
,,,,,,,,,,,,,,
,,,,,,,,,,,,,,
,,,,,,,,,,,,,,
,,,,,,,,,,,,,,
,,,,,,,,,,,,,,
,,,,,,,,,,,,,,
,,,,,,,,,,,,,,
,,,,,,,,,,,,,,
,,,,,,,,,,,,,,
,,,,,,,,,,,,,,
,,,,,,,,,,,,,,
,,,,,,,,,,,,,,
,,,,,,,,,,,,,,
,,,,,,,,,,,,,,
,,,,,,,,,,,,,,
,,,,,,,,,,,,,,
,,,,,,,,,,,,,,
,,,,,,,,,,,,,,
,,,,,,,,,,,,,,
,,,,,,,,,,,,,,
,,,,,,,,,,,,,,
,,,,,,,,,,,,,,
,,,,,,,,,,,,,,
,,,,,,,,,,,,,,
,,,,,,,,,,,,,,
,,,,,,,,,,,,,,
,,,,,,,,,,,,,,
,,,,,,,,,,,,,,
,,,,,,,,,,,,,,
,,,,,,,,,,,,,,
,,,,,,,,,,,,,,
,,,,,,,,,,,,,,
,,,,,,,,,,,,,,
,,,,,,,,,,,,,,
,,,,,,,,,,,,,,
,,,,,,,,,,,,,,
,,,,,,,,,,,,,,
,,,,,,,,,,,,,,
,,,,,,,,,,,,,,
,,,,,,,,,,,,,,
,,,,,,,,,,,,,,
,,,,,,,,,,,,,,
,,,,,,,,,,,,,,
,,,,,,,,,,,,,,
,,,,,,,,,,,,,,
,,,,,,,,,,,,,,
,,,,,,,,,,,,,,
,,,,,,,,,,,,,,
,,,,,,,,,,,,,,
,,,,,,,,,,,,,,
,,,,,,,,,,,,,,
,,,,,,,,,,,,,,
,,,,,,,,,,,,,,
,,,,,,,,,,,,,,
,,,,,,,,,,,,,,
,,,,,,,,,,,,,,
,,,,,,,,,,,,,,
,,,,,,,,,,,,,,
,,,,,,,,,,,,,,
,,,,,,,,,,,,,,
,,,,,,,,,,,,,,
,,,,,,,,,,,,,,
,,,,,,,,,,,,,,
,,,,,,,,,,,,,,
,,,,,,,,,,,,,,
,,,,,,,,,,,,,,
,,,,,,,,,,,,,,
,,,,,,,,,,,,,,
,,,,,,,,,,,,,,
,,,,,,,,,,,,,,
,,,,,,,,,,,,,,
,,,,,,,,,,,,,,
,,,,,,,,,,,,,,
,,,,,,,,,,,,,,
,,,,,,,,,,,,,,
,,,,,,,,,,,,,,
,,,,,,,,,,,,,,
,,,,,,,,,,,,,,
,,,,,,,,,,,,,,
,,,,,,,,,,,,,,
,,,,,,,,,,,,,,
,,,,,,,,,,,,,,
,,,,,,,,,,,,,,
,,,,,,,,,,,,,,
,,,,,,,,,,,,,,
,,,,,,,,,,,,,,
,,,,,,,,,,,,,,
,,,,,,,,,,,,,,
,,,,,,,,,,,,,,
,,,,,,,,,,,,,,
,,,,,,,,,,,,,,
,,,,,,,,,,,,,,
,,,,,,,,,,,,,,
,,,,,,,,,,,,,,
,,,,,,,,,,,,,,
,,,,,,,,,,,,,,
,,,,,,,,,,,,,,
,,,,,,,,,,,,,,
,,,,,,,,,,,,,,
,,,,,,,,,,,,,,
,,,,,,,,,,,,,,
,,,,,,,,,,,,,,
,,,,,,,,,,,,,,
,,,,,,,,,,,,,,
,,,,,,,,,,,,,,
,,,,,,,,,,,,,,
,,,,,,,,,,,,,,
,,,,,,,,,,,,,,
,,,,,,,,,,,,,,
,,,,,,,,,,,,,,
,,,,,,,,,,,,,,
,,,,,,,,,,,,,,
,,,,,,,,,,,,,,
,,,,,,,,,,,,,,
,,,,,,,,,,,,,,
,,,,,,,,,,,,,,
,,,,,,,,,,,,,,
,,,,,,,,,,,,,,
,,,,,,,,,,,,,,
,,,,,,,,,,,,,,
,,,,,,,,,,,,,,
,,,,,,,,,,,,,,
,,,,,,,,,,,,,,
,,,,,,,,,,,,,,
,,,,,,,,,,,,,,
,,,,,,,,,,,,,,
,,,,,,,,,,,,,,
,,,,,,,,,,,,,,
,,,,,,,,,,,,,,
,,,,,,,,,,,,,,
,,,,,,,,,,,,,,
,,,,,,,,,,,,,,
,,,,,,,,,,,,,,
,,,,,,,,,,,,,,
,,,,,,,,,,,,,,
,,,,,,,,,,,,,,
,,,,,,,,,,,,,,
,,,,,,,,,,,,,,
,,,,,,,,,,,,,,
,,,,,,,,,,,,,,
,,,,,,,,,,,,,,
,,,,,,,,,,,,,,
,,,,,,,,,,,,,,
,,,,,,,,,,,,,,
,,,,,,,,,,,,,,
,,,,,,,,,,,,,,
,,,,,,,,,,,,,,
,,,,,,,,,,,,,,
,,,,,,,,,,,,,,
,,,,,,,,,,,,,,
,,,,,,,,,,,,,,
,,,,,,,,,,,,,,
,,,,,,,,,,,,,,
,,,,,,,,,,,,,,
,,,,,,,,,,,,,,
,,,,,,,,,,,,,,
,,,,,,,,,,,,,,
,,,,,,,,,,,,,,
,,,,,,,,,,,,,,
,,,,,,,,,,,,,,
,,,,,,,,,,,,,,
,,,,,,,,,,,,,,
,,,,,,,,,,,,,,
,,,,,,,,,,,,,,
,,,,,,,,,,,,,,
,,,,,,,,,,,,,,
,,,,,,,,,,,,,,
,,,,,,,,,,,,,,
,,,,,,,,,,,,,,
,,,,,,,,,,,,,,
,,,,,,,,,,,,,,
,,,,,,,,,,,,,,
,,,,,,,,,,,,,,
,,,,,,,,,,,,,,
,,,,,,,,,,,,,,
,,,,,,,,,,,,,,
,,,,,,,,,,,,,,
,,,,,,,,,,,,,,
,,,,,,,,,,,,,,
,,,,,,,,,,,,,,
,,,,,,,,,,,,,,
,,,,,,,,,,,,,,
,,,,,,,,,,,,,,
,,,,,,,,,,,,,,
,,,,,,,,,,,,,,
,,,,,,,,,,,,,,
,,,,,,,,,,,,,,
,,,,,,,,,,,,,,
,,,,,,,,,,,,,,
,,,,,,,,,,,,,,
,,,,,,,,,,,,,,
,,,,,,,,,,,,,,
,,,,,,,,,,,,,,
,,,,,,,,,,,,,,
,,,,,,,,,,,,,,
,,,,,,,,,,,,,,
,,,,,,,,,,,,,,
,,,,,,,,,,,,,,
,,,,,,,,,,,,,,
,,,,,,,,,,,,,,
,,,,,,,,,,,,,,
,,,,,,,,,,,,,,
,,,,,,,,,,,,,,
,,,,,,,,,,,,,,
,,,,,,,,,,,,,,
,,,,,,,,,,,,,,
,,,,,,,,,,,,,,
,,,,,,,,,,,,,,
,,,,,,,,,,,,,,
,,,,,,,,,,,,,,
,,,,,,,,,,,,,,
,,,,,,,,,,,,,,
,,,,,,,,,,,,,,
,,,,,,,,,,,,,,
,,,,,,,,,,,,,,
,,,,,,,,,,,,,,
,,,,,,,,,,,,,,
,,,,,,,,,,,,,,
,,,,,,,,,,,,,,
,,,,,,,,,,,,,,
,,,,,,,,,,,,,,
,,,,,,,,,,,,,,
,,,,,,,,,,,,,,
,,,,,,,,,,,,,,
,,,,,,,,,,,,,,
,,,,,,,,,,,,,,
,,,,,,,,,,,,,,
,,,,,,,,,,,,,,
,,,,,,,,,,,,,,
,,,,,,,,,,,,,,
,,,,,,,,,,,,,,
,,,,,,,,,,,,,,
,,,,,,,,,,,,,,
,,,,,,,,,,,,,,
,,,,,,,,,,,,,,
,,,,,,,,,,,,,,
,,,,,,,,,,,,,,
,,,,,,,,,,,,,,
,,,,,,,,,,,,,,
,,,,,,,,,,,,,,
,,,,,,,,,,,,,,
,,,,,,,,,,,,,,
,,,,,,,,,,,,,,
,,,,,,,,,,,,,,
,,,,,,,,,,,,,,
,,,,,,,,,,,,,,
,,,,,,,,,,,,,,
,,,,,,,,,,,,,,
,,,,,,,,,,,,,,
,,,,,,,,,,,,,,
,,,,,,,,,,,,,,
,,,,,,,,,,,,,,
,,,,,,,,,,,,,,
,,,,,,,,,,,,,,
,,,,,,,,,,,,,,
,,,,,,,,,,,,,,
,,,,,,,,,,,,,,
,,,,,,,,,,,,,,
,,,,,,,,,,,,,,
,,,,,,,,,,,,,,
,,,,,,,,,,,,,,
,,,,,,,,,,,,,,
,,,,,,,,,,,,,,
,,,,,,,,,,,,,,
,,,,,,,,,,,,,,
,,,,,,,,,,,,,,
,,,,,,,,,,,,,,
,,,,,,,,,,,,,,
,,,,,,,,,,,,,,
,,,,,,,,,,,,,,
,,,,,,,,,,,,,,
,,,,,,,,,,,,,,
,,,,,,,,,,,,,,
,,,,,,,,,,,,,,
,,,,,,,,,,,,,,
,,,,,,,,,,,,,,
,,,,,,,,,,,,,,
,,,,,,,,,,,,,,
,,,,,,,,,,,,,,
,,,,,,,,,,,,,,
,,,,,,,,,,,,,,
,,,,,,,,,,,,,,
,,,,,,,,,,,,,,
,,,,,,,,,,,,,,
,,,,,,,,,,,,,,
,,,,,,,,,,,,,,
,,,,,,,,,,,,,,
,,,,,,,,,,,,,,
,,,,,,,,,,,,,,
,,,,,,,,,,,,,,
,,,,,,,,,,,,,,
,,,,,,,,,,,,,,
,,,,,,,,,,,,,,
,,,,,,,,,,,,,,
,,,,,,,,,,,,,,
,,,,,,,,,,,,,,
,,,,,,,,,,,,,,
,,,,,,,,,,,,,,
,,,,,,,,,,,,,,
,,,,,,,,,,,,,,
,,,,,,,,,,,,,,
,,,,,,,,,,,,,,
,,,,,,,,,,,,,,
,,,,,,,,,,,,,,
,,,,,,,,,,,,,,
,,,,,,,,,,,,,,
,,,,,,,,,,,,,,
,,,,,,,,,,,,,,
,,,,,,,,,,,,,,
,,,,,,,,,,,,,,
,,,,,,,,,,,,,,
,,,,,,,,,,,,,,
,,,,,,,,,,,,,,
,,,,,,,,,,,,,,
,,,,,,,,,,,,,,
,,,,,,,,,,,,,,
,,,,,,,,,,,,,,
,,,,,,,,,,,,,,
,,,,,,,,,,,,,,
,,,,,,,,,,,,,,
,,,,,,,,,,,,,,
,,,,,,,,,,,,,,
,,,,,,,,,,,,,,
,,,,,,,,,,,,,,
,,,,,,,,,,,,,,
,,,,,,,,,,,,,,
,,,,,,,,,,,,,,
,,,,,,,,,,,,,,
,,,,,,,,,,,,,,
,,,,,,,,,,,,,,
,,,,,,,,,,,,,,
,,,,,,,,,,,,,,
,,,,,,,,,,,,,,
,,,,,,,,,,,,,,
,,,,,,,,,,,,,,
,,,,,,,,,,,,,,
,,,,,,,,,,,,,,
,,,,,,,,,,,,,,
,,,,,,,,,,,,,,
,,,,,,,,,,,,,,
,,,,,,,,,,,,,,
,,,,,,,,,,,,,,
,,,,,,,,,,,,,,
,,,,,,,,,,,,,,
,,,,,,,,,,,,,,
,,,,,,,,,,,,,,
,,,,,,,,,,,,,,
,,,,,,,,,,,,,,
,,,,,,,,,,,,,,
,,,,,,,,,,,,,,
,,,,,,,,,,,,,,
,,,,,,,,,,,,,,
,,,,,,,,,,,,,,
,,,,,,,,,,,,,,
,,,,,,,,,,,,,,
,,,,,,,,,,,,,,
,,,,,,,,,,,,,,
,,,,,,,,,,,,,,
,,,,,,,,,,,,,,
,,,,,,,,,,,,,,
,,,,,,,,,,,,,,
,,,,,,,,,,,,,,
,,,,,,,,,,,,,,
,,,,,,,,,,,,,,
,,,,,,,,,,,,,,
,,,,,,,,,,,,,,
,,,,,,,,,,,,,,
,,,,,,,,,,,,,,
,,,,,,,,,,,,,,
,,,,,,,,,,,,,,
,,,,,,,,,,,,,,
,,,,,,,,,,,,,,
,,,,,,,,,,,,,,
,,,,,,,,,,,,,,
,,,,,,,,,,,,,,
,,,,,,,,,,,,,,
,,,,,,,,,,,,,,
,,,,,,,,,,,,,,
,,,,,,,,,,,,,,
,,,,,,,,,,,,,,
,,,,,,,,,,,,,,
,,,,,,,,,,,,,,
,,,,,,,,,,,,,,
,,,,,,,,,,,,,,
,,,,,,,,,,,,,,
,,,,,,,,,,,,,,
,,,,,,,,,,,,,,
,,,,,,,,,,,,,,
,,,,,,,,,,,,,,
,,,,,,,,,,,,,,
,,,,,,,,,,,,,,
,,,,,,,,,,,,,,
,,,,,,,,,,,,,,
,,,,,,,,,,,,,,
,,,,,,,,,,,,,,
,,,,,,,,,,,,,,
,,,,,,,,,,,,,,
,,,,,,,,,,,,,,
,,,,,,,,,,,,,,
,,,,,,,,,,,,,,
,,,,,,,,,,,,,,
,,,,,,,,,,,,,,
,,,,,,,,,,,,,,
,,,,,,,,,,,,,,
,,,,,,,,,,,,,,
,,,,,,,,,,,,,,
,,,,,,,,,,,,,,
,,,,,,,,,,,,,,
,,,,,,,,,,,,,,
,,,,,,,,,,,,,,
,,,,,,,,,,,,,,
,,,,,,,,,,,,,,
,,,,,,,,,,,,,,
,,,,,,,,,,,,,,
,,,,,,,,,,,,,,
,,,,,,,,,,,,,,
,,,,,,,,,,,,,,
,,,,,,,,,,,,,,
,,,,,,,,,,,,,,
,,,,,,,,,,,,,,
,,,,,,,,,,,,,,
,,,,,,,,,,,,,,
,,,,,,,,,,,,,,
,,,,,,,,,,,,,,
,,,,,,,,,,,,,,
,,,,,,,,,,,,,,
,,,,,,,,,,,,,,
,,,,,,,,,,,,,,
,,,,,,,,,,,,,,
,,,,,,,,,,,,,,
,,,,,,,,,,,,,,
,,,,,,,,,,,,,,
,,,,,,,,,,,,,,
,,,,,,,,,,,,,,
,,,,,,,,,,,,,,
,,,,,,,,,,,,,,
,,,,,,,,,,,,,,
,,,,,,,,,,,,,,
,,,,,,,,,,,,,,
,,,,,,,,,,,,,,
,,,,,,,,,,,,,,
,,,,,,,,,,,,,,
,,,,,,,,,,,,,,
,,,,,,,,,,,,,,
,,,,,,,,,,,,,,
,,,,,,,,,,,,,,
,,,,,,,,,,,,,,
,,,,,,,,,,,,,,
,,,,,,,,,,,,,,
,,,,,,,,,,,,,,
,,,,,,,,,,,,,,
,,,,,,,,,,,,,,
,,,,,,,,,,,,,,
,,,,,,,,,,,,,,
,,,,,,,,,,,,,,
,,,,,,,,,,,,,,
,,,,,,,,,,,,,,
,,,,,,,,,,,,,,
,,,,,,,,,,,,,,
,,,,,,,,,,,,,,
,,,,,,,,,,,,,,
,,,,,,,,,,,,,,
,,,,,,,,,,,,,,
,,,,,,,,,,,,,,
,,,,,,,,,,,,,,
,,,,,,,,,,,,,,
,,,,,,,,,,,,,,
,,,,,,,,,,,,,,
,,,,,,,,,,,,,,
,,,,,,,,,,,,,,
,,,,,,,,,,,,,,
,,,,,,,,,,,,,,
,,,,,,,,,,,,,,
,,,,,,,,,,,,,,
,,,,,,,,,,,,,,
,,,,,,,,,,,,,,
,,,,,,,,,,,,,,
,,,,,,,,,,,,,,
,,,,,,,,,,,,,,
,,,,,,,,,,,,,,
,,,,,,,,,,,,,,
,,,,,,,,,,,,,,
,,,,,,,,,,,,,,
,,,,,,,,,,,,,,
,,,,,,,,,,,,,,
,,,,,,,,,,,,,,
,,,,,,,,,,,,,,
,,,,,,,,,,,,,,
,,,,,,,,,,,,,,
,,,,,,,,,,,,,,
,,,,,,,,,,,,,,
,,,,,,,,,,,,,,
,,,,,,,,,,,,,,
,,,,,,,,,,,,,,
,,,,,,,,,,,,,,
,,,,,,,,,,,,,,
,,,,,,,,,,,,,,
,,,,,,,,,,,,,,
,,,,,,,,,,,,,,
,,,,,,,,,,,,,,
,,,,,,,,,,,,,,
,,,,,,,,,,,,,,
,,,,,,,,,,,,,,
,,,,,,,,,,,,,,
,,,,,,,,,,,,,,
,,,,,,,,,,,,,,
,,,,,,,,,,,,,,
,,,,,,,,,,,,,,
,,,,,,,,,,,,,,
,,,,,,,,,,,,,,
,,,,,,,,,,,,,,
